Row Number,CPU cores,CPU capacity provisioned [MHZ],CPU usage [MHZ],CPU usage [%],Memory capacity provisioned [KB],Memory usage [KB],Disk read throughput [KB/s],Disk write throughput [KB/s],Network received throughput [KB/s],Network transmitted throughput [KB/s],ID,Memory Usage %,Timestamp [hr-m-s]
1,0,0.0,0.0,0.0,0.0,0.0,0.0,0.0,0.0,0.0,VM000,,1970-01-16 22:58:33.856
2,1,2599.99962,413.9999394923077,15.923076923076923,1170768.923076923,1537372.923076923,3122.9166666666665,175.41666666666666,0.0,0.0,VM001,131.3130962715102,1970-01-16 22:58:34.240
3,1,2599.99962,27.73332928,1.0666666666666669,1506714.1333333333,1052767.7333333334,19.6,22.4,0.0,0.0,VM001,69.87176333205787,1970-01-16 22:58:34.496
4,1,2599.99962,58.93332472,2.2666666666666666,1523986.6666666667,462769.6,20.866666666666667,27.33333333333333,3.733333333333333,9.466666666666669,VM001,30.36572498447056,1970-01-16 22:58:34.752
5,1,2599.99962,322.39995288,12.4,1770270.933333333,637532.0,52.06666666666667,684.0666666666667,689.3333333333334,1.3333333333333333,VM001,36.01324452633691,1970-01-16 22:58:35.136
6,1,2599.99962,800.7998829600001,30.8,1804834.1333333333,1068148.0,2718.2,1028.1333333333334,211.3333333333333,8.933333333333334,VM001,59.18261297658673,1970-01-16 22:58:35.392
7,1,2599.99962,1589.4664343600002,61.13333333333333,2071628.8,1505754.4,2878.866666666667,5336.266666666666,9.333333333333334,0.0666666666666666,VM001,72.68456588361775,1970-01-16 22:58:35.648
8,1,2599.99962,138.66664640000002,5.333333333333334,2093056.0,1480587.2,351.4,21.33333333333333,0.0666666666666666,0.0,VM001,70.73805956457926,1970-01-16 22:58:36.032
9,1,2599.99962,83.19998784,3.2,2093056.0,570424.0,207.66666666666663,162.26666666666668,0.0,0.0,VM001,27.25316475048924,1970-01-16 22:58:36.288
10,1,2599.99962,346.666616,13.333333333333332,2093056.0,513101.6,81.26666666666667,257.53333333333336,0.0,0.0,VM001,24.51447070694716,1970-01-16 22:58:36.544
11,1,2599.99962,0.0,0.0,2093056.0,225092.53333333333,0.0,5.266666666666667,0.0,0.0,VM001,10.754252792726678,1970-01-16 22:58:36.928
12,1,2599.99962,0.0,0.0,2093056.0,65708.26666666666,0.0,5.0,0.0,0.0,VM001,3.1393458496412263,1970-01-16 22:58:37.184
13,1,2599.99962,0.0,0.0,2093056.0,50328.8,0.0,5.733333333333333,0.0,0.0,VM001,2.404560604207437,1970-01-16 22:58:37.440
14,1,2599.99962,0.0,0.0,2093056.0,39143.73333333333,0.0,5.0,0.0,0.0,VM001,1.870171334801044,1970-01-16 22:58:37.824
15,1,2599.99962,0.0,0.0,2093056.0,62912.0,0.0,5.0,0.0,0.0,VM001,3.005748532289628,1970-01-16 22:58:38.080
16,1,2599.99962,0.0,0.0,2093056.0,64310.13333333333,0.0,5.866666666666666,0.0,0.0,VM001,3.072547190965427,1970-01-16 22:58:38.336
17,1,2599.99962,0.0,0.0,2093056.0,74896.0,0.0,5.866666666666666,0.0,1.1428571428571428,VM001,3.578308463796478,1970-01-16 22:58:38.720
18,1,2599.99962,0.0,0.0,2093056.0,74896.0,0.0,5.866666666666666,0.0,1.1428571428571428,VM001,3.578308463796478,1970-01-16 22:58:38.976
19,1,2599.99962,135.99998012307694,5.230769230769231,691935.3846153846,1376053.5384615385,1944.6666666666667,23.166666666666668,0.0,0.0,VM001,198.870236882946,1970-01-16 22:58:39.232
20,1,2599.99962,0.0,0.0,755712.0,577414.1333333333,0.0,5.0,0.0,0.0,VM001,76.40663815492321,1970-01-16 22:58:39.616
21,1,2599.99962,0.0,0.0,755712.0,128622.93333333332,0.0,5.0,0.0,0.0,VM001,17.02009936766034,1970-01-16 22:58:39.872
22,1,2599.99962,0.0,0.0,755712.0,23764.266666666663,0.0,5.0,0.0,0.0,VM001,3.144619467028003,1970-01-16 22:58:40.128
23,1,2599.99962,0.0,0.0,755712.0,12580.8,0.0,5.0,0.0,0.0,VM001,1.6647611788617886,1970-01-16 22:58:40.512
24,1,2599.99962,0.0,0.0,755712.0,30754.93333333333,0.0,5.0,0.0,0.0,VM001,4.069663222673893,1970-01-16 22:58:40.768
25,1,2599.99962,0.0,0.0,755712.0,33551.2,0.0,5.0,0.0,0.0,VM001,4.4396807249322485,1970-01-16 22:58:41.024
26,1,2599.99962,0.0,0.0,755712.0,44736.26666666667,0.0,5.0,0.0,0.0,VM001,5.919750733965674,1970-01-16 22:58:41.408
27,1,2599.99962,60.6666578,2.333333333333333,767180.8,67106.4,4.8,12.933333333333334,0.0,0.4,VM001,8.747142785638012,1970-01-16 22:58:41.664
28,1,2599.99962,135.19998024,5.2,787524.2666666667,130022.13333333332,31.2,19.066666666666663,0.1333333333333333,1.2,VM001,16.5102383300104,1970-01-16 22:58:41.920
29,1,2599.99962,19.06666388,0.7333333333333333,815104.0,130021.86666666668,0.0,6.533333333333333,0.0,0.0,VM001,15.951567734505865,1970-01-16 22:58:42.304
30,1,2599.99962,0.0,0.0,815104.0,60115.73333333333,0.0,5.133333333333334,0.0,0.0,VM001,7.375222466499162,1970-01-16 22:58:42.560
31,1,2599.99962,0.0,0.0,815104.0,41940.0,0.0,5.4,0.0,0.0,VM001,5.145355684673366,1970-01-16 22:58:42.944
32,1,2599.99962,129.99998100000002,5.0,981265.0666666668,285210.4,305.8666666666667,15.533333333333331,0.2,7.866666666666666,VM001,29.06558173612077,1970-01-16 22:58:43.200
33,0,0.0,0.0,0.0,0.0,0.0,0.0,0.0,0.0,0.0,VM000,,1970-01-16 22:58:43.456
34,0,0.0,0.0,0.0,0.0,0.0,0.0,0.0,0.0,0.0,VM000,,1970-01-16 22:58:43.840
35,0,0.0,0.0,0.0,0.0,0.0,0.0,0.0,0.0,0.0,VM000,,1970-01-16 22:58:44.096
36,0,0.0,0.0,0.0,0.0,0.0,0.0,0.0,0.0,0.0,VM000,,1970-01-16 22:58:44.352
37,0,0.0,0.0,0.0,0.0,0.0,0.0,0.0,0.0,0.0,VM000,,1970-01-16 22:58:44.736
38,0,0.0,0.0,0.0,0.0,0.0,0.0,0.0,0.0,0.0,VM000,,1970-01-16 22:58:44.992
39,0,0.0,0.0,0.0,0.0,0.0,0.0,0.0,0.0,0.0,VM000,,1970-01-16 22:58:45.248
40,0,0.0,0.0,0.0,0.0,0.0,0.0,0.0,0.0,0.0,VM000,,1970-01-16 22:58:45.632
41,0,0.0,0.0,0.0,0.0,0.0,0.0,0.0,0.0,0.0,VM000,,1970-01-16 22:58:45.888
42,0,0.0,0.0,0.0,0.0,0.0,0.0,0.0,0.0,0.0,VM000,,1970-01-16 22:58:46.144
43,0,0.0,0.0,0.0,0.0,0.0,0.0,0.0,0.0,0.0,VM000,,1970-01-16 22:58:46.528
44,0,0.0,0.0,0.0,0.0,0.0,0.0,0.0,0.0,0.0,VM000,,1970-01-16 22:58:46.784
45,0,0.0,0.0,0.0,0.0,0.0,0.0,0.0,0.0,0.0,VM000,,1970-01-16 22:58:47.040
46,0,0.0,0.0,0.0,0.0,0.0,0.0,0.0,0.0,0.0,VM000,,1970-01-16 22:58:47.424
47,0,0.0,0.0,0.0,0.0,0.0,0.0,0.0,0.0,0.0,VM000,,1970-01-16 22:58:47.680
48,0,0.0,0.0,0.0,0.0,0.0,0.0,0.0,0.0,0.0,VM000,,1970-01-16 22:58:47.936
49,0,0.0,0.0,0.0,0.0,0.0,0.0,0.0,0.0,0.0,VM000,,1970-01-16 22:58:47.936
50,0,0.0,0.0,0.0,0.0,0.0,0.0,0.0,0.0,0.0,VM000,,1970-01-16 22:58:48.320
51,0,0.0,0.0,0.0,0.0,0.0,0.0,0.0,0.0,0.0,VM000,,1970-01-16 22:58:48.320
52,0,0.0,0.0,0.0,0.0,0.0,0.0,0.0,0.0,0.0,VM000,,1970-01-16 22:58:48.576
53,0,0.0,0.0,0.0,0.0,0.0,0.0,0.0,0.0,0.0,VM000,,1970-01-16 22:58:48.576
54,0,0.0,0.0,0.0,0.0,0.0,0.0,0.0,0.0,0.0,VM000,,1970-01-16 22:58:48.832
55,0,0.0,0.0,0.0,0.0,0.0,0.0,0.0,0.0,0.0,VM000,,1970-01-16 22:58:48.832
56,0,0.0,0.0,0.0,0.0,0.0,0.0,0.0,0.0,0.0,VM000,,1970-01-16 22:58:49.216
57,0,0.0,0.0,0.0,0.0,0.0,0.0,0.0,0.0,0.0,VM000,,1970-01-16 22:58:49.216
58,0,0.0,0.0,0.0,0.0,0.0,0.0,0.0,0.0,0.0,VM000,,1970-01-16 22:58:49.472
59,0,0.0,0.0,0.0,0.0,0.0,0.0,0.0,0.0,0.0,VM000,,1970-01-16 22:58:49.472
60,0,0.0,0.0,0.0,0.0,0.0,0.0,0.0,0.0,0.0,VM000,,1970-01-16 22:58:49.728
61,0,0.0,0.0,0.0,0.0,0.0,0.0,0.0,0.0,0.0,VM000,,1970-01-16 22:58:49.728
62,0,0.0,0.0,0.0,0.0,0.0,0.0,0.0,0.0,0.0,VM000,,1970-01-16 22:58:50.112
63,0,0.0,0.0,0.0,0.0,0.0,0.0,0.0,0.0,0.0,VM000,,1970-01-16 22:58:50.112
64,0,0.0,0.0,0.0,0.0,0.0,0.0,0.0,0.0,0.0,VM000,,1970-01-16 22:58:50.368
65,0,0.0,0.0,0.0,0.0,0.0,0.0,0.0,0.0,0.0,VM000,,1970-01-16 22:58:50.368
66,0,0.0,0.0,0.0,0.0,0.0,0.0,0.0,0.0,0.0,VM000,,1970-01-16 22:58:50.624
67,0,0.0,0.0,0.0,0.0,0.0,0.0,0.0,0.0,0.0,VM000,,1970-01-16 22:58:50.624
68,0,0.0,0.0,0.0,0.0,0.0,0.0,0.0,0.0,0.0,VM000,,1970-01-16 22:58:51.008
69,0,0.0,0.0,0.0,0.0,0.0,0.0,0.0,0.0,0.0,VM000,,1970-01-16 22:58:51.008
70,0,0.0,0.0,0.0,0.0,0.0,0.0,0.0,0.0,0.0,VM000,,1970-01-16 22:58:51.264
71,0,0.0,0.0,0.0,0.0,0.0,0.0,0.0,0.0,0.0,VM000,,1970-01-16 22:58:51.264
72,0,0.0,0.0,0.0,0.0,0.0,0.0,0.0,0.0,0.0,VM000,,1970-01-16 22:58:51.520
73,0,0.0,0.0,0.0,0.0,0.0,0.0,0.0,0.0,0.0,VM000,,1970-01-16 22:58:51.520
74,0,0.0,0.0,0.0,0.0,0.0,0.0,0.0,0.0,0.0,VM000,,1970-01-16 22:58:51.904
75,0,0.0,0.0,0.0,0.0,0.0,0.0,0.0,0.0,0.0,VM000,,1970-01-16 22:58:51.904
76,0,0.0,0.0,0.0,0.0,0.0,0.0,0.0,0.0,0.0,VM000,,1970-01-16 22:58:52.160
77,0,0.0,0.0,0.0,0.0,0.0,0.0,0.0,0.0,0.0,VM000,,1970-01-16 22:58:52.160
78,0,0.0,0.0,0.0,0.0,0.0,0.0,0.0,0.0,0.0,VM000,,1970-01-16 22:58:52.544
79,0,0.0,0.0,0.0,0.0,0.0,0.0,0.0,0.0,0.0,VM000,,1970-01-16 22:58:52.544
80,0,0.0,0.0,0.0,0.0,0.0,0.0,0.0,0.0,0.0,VM000,,1970-01-16 22:58:52.800
81,0,0.0,0.0,0.0,0.0,0.0,0.0,0.0,0.0,0.0,VM000,,1970-01-16 22:58:52.800
82,0,0.0,0.0,0.0,0.0,0.0,0.0,0.0,0.0,0.0,VM000,,1970-01-16 22:58:53.056
83,0,0.0,0.0,0.0,0.0,0.0,0.0,0.0,0.0,0.0,VM000,,1970-01-16 22:58:53.056
84,0,0.0,0.0,0.0,0.0,0.0,0.0,0.0,0.0,0.0,VM000,,1970-01-16 22:58:53.440
85,0,0.0,0.0,0.0,0.0,0.0,0.0,0.0,0.0,0.0,VM000,,1970-01-16 22:58:53.440
86,0,0.0,0.0,0.0,0.0,0.0,0.0,0.0,0.0,0.0,VM000,,1970-01-16 22:58:53.696
87,0,0.0,0.0,0.0,0.0,0.0,0.0,0.0,0.0,0.0,VM000,,1970-01-16 22:58:53.696
88,0,0.0,0.0,0.0,0.0,0.0,0.0,0.0,0.0,0.0,VM000,,1970-01-16 22:58:53.952
89,0,0.0,0.0,0.0,0.0,0.0,0.0,0.0,0.0,0.0,VM000,,1970-01-16 22:58:53.952
90,0,0.0,0.0,0.0,0.0,0.0,0.0,0.0,0.0,0.0,VM000,,1970-01-16 22:58:54.336
91,0,0.0,0.0,0.0,0.0,0.0,0.0,0.0,0.0,0.0,VM000,,1970-01-16 22:58:54.336
92,0,0.0,0.0,0.0,0.0,0.0,0.0,0.0,0.0,0.0,VM000,,1970-01-16 22:58:54.592
93,0,0.0,0.0,0.0,0.0,0.0,0.0,0.0,0.0,0.0,VM000,,1970-01-16 22:58:54.592
94,0,0.0,0.0,0.0,0.0,0.0,0.0,0.0,0.0,0.0,VM000,,1970-01-16 22:58:54.848
95,0,0.0,0.0,0.0,0.0,0.0,0.0,0.0,0.0,0.0,VM000,,1970-01-16 22:58:54.848
96,0,0.0,0.0,0.0,0.0,0.0,0.0,0.0,0.0,0.0,VM000,,1970-01-16 22:58:55.232
97,0,0.0,0.0,0.0,0.0,0.0,0.0,0.0,0.0,0.0,VM000,,1970-01-16 22:58:55.232
98,0,0.0,0.0,0.0,0.0,0.0,0.0,0.0,0.0,0.0,VM000,,1970-01-16 22:58:55.488
99,0,0.0,0.0,0.0,0.0,0.0,0.0,0.0,0.0,0.0,VM000,,1970-01-16 22:58:55.488
100,0,0.0,0.0,0.0,0.0,0.0,0.0,0.0,0.0,0.0,VM000,,1970-01-16 22:58:55.744
101,0,0.0,0.0,0.0,0.0,0.0,0.0,0.0,0.0,0.0,VM000,,1970-01-16 22:58:55.744
102,0,0.0,0.0,0.0,0.0,0.0,0.0,0.0,0.0,0.0,VM000,,1970-01-16 22:58:56.128
103,0,0.0,0.0,0.0,0.0,0.0,0.0,0.0,0.0,0.0,VM000,,1970-01-16 22:58:56.128
104,0,0.0,0.0,0.0,0.0,0.0,0.0,0.0,0.0,0.0,VM000,,1970-01-16 22:58:56.384
105,0,0.0,0.0,0.0,0.0,0.0,0.0,0.0,0.0,0.0,VM000,,1970-01-16 22:58:56.384
106,0,0.0,0.0,0.0,0.0,0.0,0.0,0.0,0.0,0.0,VM000,,1970-01-16 22:58:56.640
107,0,0.0,0.0,0.0,0.0,0.0,0.0,0.0,0.0,0.0,VM000,,1970-01-16 22:58:56.640
108,0,0.0,0.0,0.0,0.0,0.0,0.0,0.0,0.0,0.0,VM000,,1970-01-16 22:58:57.024
109,0,0.0,0.0,0.0,0.0,0.0,0.0,0.0,0.0,0.0,VM000,,1970-01-16 22:58:57.024
110,0,0.0,0.0,0.0,0.0,0.0,0.0,0.0,0.0,0.0,VM000,,1970-01-16 22:58:57.280
111,0,0.0,0.0,0.0,0.0,0.0,0.0,0.0,0.0,0.0,VM000,,1970-01-16 22:58:57.280
112,0,0.0,0.0,0.0,0.0,0.0,0.0,0.0,0.0,0.0,VM000,,1970-01-16 22:58:57.536
113,0,0.0,0.0,0.0,0.0,0.0,0.0,0.0,0.0,0.0,VM000,,1970-01-16 22:58:57.536
114,0,0.0,0.0,0.0,0.0,0.0,0.0,0.0,0.0,0.0,VM000,,1970-01-16 22:58:57.920
115,0,0.0,0.0,0.0,0.0,0.0,0.0,0.0,0.0,0.0,VM000,,1970-01-16 22:58:57.920
116,0,0.0,0.0,0.0,0.0,0.0,0.0,0.0,0.0,0.0,VM000,,1970-01-16 22:58:58.176
117,0,0.0,0.0,0.0,0.0,0.0,0.0,0.0,0.0,0.0,VM000,,1970-01-16 22:58:58.176
118,0,0.0,0.0,0.0,0.0,0.0,0.0,0.0,0.0,0.0,VM000,,1970-01-16 22:58:58.432
119,0,0.0,0.0,0.0,0.0,0.0,0.0,0.0,0.0,0.0,VM000,,1970-01-16 22:58:58.432
120,0,0.0,0.0,0.0,0.0,0.0,0.0,0.0,0.0,0.0,VM000,,1970-01-16 22:58:58.816
121,0,0.0,0.0,0.0,0.0,0.0,0.0,0.0,0.0,0.0,VM000,,1970-01-16 22:58:58.816
122,0,0.0,0.0,0.0,0.0,0.0,0.0,0.0,0.0,0.0,VM000,,1970-01-16 22:58:59.072
123,0,0.0,0.0,0.0,0.0,0.0,0.0,0.0,0.0,0.0,VM000,,1970-01-16 22:58:59.072
124,0,0.0,0.0,0.0,0.0,0.0,0.0,0.0,0.0,0.0,VM000,,1970-01-16 22:58:59.328
125,0,0.0,0.0,0.0,0.0,0.0,0.0,0.0,0.0,0.0,VM000,,1970-01-16 22:58:59.328
126,0,0.0,0.0,0.0,0.0,0.0,0.0,0.0,0.0,0.0,VM000,,1970-01-16 22:58:59.712
127,0,0.0,0.0,0.0,0.0,0.0,0.0,0.0,0.0,0.0,VM000,,1970-01-16 22:58:59.712
128,0,0.0,0.0,0.0,0.0,0.0,0.0,0.0,0.0,0.0,VM000,,1970-01-16 22:58:59.968
129,0,0.0,0.0,0.0,0.0,0.0,0.0,0.0,0.0,0.0,VM000,,1970-01-16 22:58:59.968
130,0,0.0,0.0,0.0,0.0,0.0,0.0,0.0,0.0,0.0,VM000,,1970-01-16 22:59:00.224
131,0,0.0,0.0,0.0,0.0,0.0,0.0,0.0,0.0,0.0,VM000,,1970-01-16 22:59:00.224
132,0,0.0,0.0,0.0,0.0,0.0,0.0,0.0,0.0,0.0,VM000,,1970-01-16 22:59:00.608
133,0,0.0,0.0,0.0,0.0,0.0,0.0,0.0,0.0,0.0,VM000,,1970-01-16 22:59:00.608
134,0,0.0,0.0,0.0,0.0,0.0,0.0,0.0,0.0,0.0,VM000,,1970-01-16 22:59:00.864
135,0,0.0,0.0,0.0,0.0,0.0,0.0,0.0,0.0,0.0,VM000,,1970-01-16 22:59:00.864
136,0,0.0,0.0,0.0,0.0,0.0,0.0,0.0,0.0,0.0,VM000,,1970-01-16 22:59:01.120
137,0,0.0,0.0,0.0,0.0,0.0,0.0,0.0,0.0,0.0,VM000,,1970-01-16 22:59:01.120
138,0,0.0,0.0,0.0,0.0,0.0,0.0,0.0,0.0,0.0,VM000,,1970-01-16 22:59:01.504
139,0,0.0,0.0,0.0,0.0,0.0,0.0,0.0,0.0,0.0,VM000,,1970-01-16 22:59:01.504
140,0,0.0,0.0,0.0,0.0,0.0,0.0,0.0,0.0,0.0,VM000,,1970-01-16 22:59:01.760
141,0,0.0,0.0,0.0,0.0,0.0,0.0,0.0,0.0,0.0,VM000,,1970-01-16 22:59:01.760
142,0,0.0,0.0,0.0,0.0,0.0,0.0,0.0,0.0,0.0,VM000,,1970-01-16 22:59:02.144
143,0,0.0,0.0,0.0,0.0,0.0,0.0,0.0,0.0,0.0,VM000,,1970-01-16 22:59:02.144
144,0,0.0,0.0,0.0,0.0,0.0,0.0,0.0,0.0,0.0,VM000,,1970-01-16 22:59:02.400
145,0,0.0,0.0,0.0,0.0,0.0,0.0,0.0,0.0,0.0,VM000,,1970-01-16 22:59:02.400
146,0,0.0,0.0,0.0,0.0,0.0,0.0,0.0,0.0,0.0,VM000,,1970-01-16 22:59:02.656
147,0,0.0,0.0,0.0,0.0,0.0,0.0,0.0,0.0,0.0,VM000,,1970-01-16 22:59:02.656
148,0,0.0,0.0,0.0,0.0,0.0,0.0,0.0,0.0,0.0,VM000,,1970-01-16 22:59:03.040
149,0,0.0,0.0,0.0,0.0,0.0,0.0,0.0,0.0,0.0,VM000,,1970-01-16 22:59:03.040
150,0,0.0,0.0,0.0,0.0,0.0,0.0,0.0,0.0,0.0,VM000,,1970-01-16 22:59:03.296
151,0,0.0,0.0,0.0,0.0,0.0,0.0,0.0,0.0,0.0,VM000,,1970-01-16 22:59:03.296
152,0,0.0,0.0,0.0,0.0,0.0,0.0,0.0,0.0,0.0,VM000,,1970-01-16 22:59:03.552
153,0,0.0,0.0,0.0,0.0,0.0,0.0,0.0,0.0,0.0,VM000,,1970-01-16 22:59:03.552
154,0,0.0,0.0,0.0,0.0,0.0,0.0,0.0,0.0,0.0,VM000,,1970-01-16 22:59:03.936
155,0,0.0,0.0,0.0,0.0,0.0,0.0,0.0,0.0,0.0,VM000,,1970-01-16 22:59:03.936
156,0,0.0,0.0,0.0,0.0,0.0,0.0,0.0,0.0,0.0,VM000,,1970-01-16 22:59:04.192
157,0,0.0,0.0,0.0,0.0,0.0,0.0,0.0,0.0,0.0,VM000,,1970-01-16 22:59:04.192
158,0,0.0,0.0,0.0,0.0,0.0,0.0,0.0,0.0,0.0,VM000,,1970-01-16 22:59:04.448
159,0,0.0,0.0,0.0,0.0,0.0,0.0,0.0,0.0,0.0,VM000,,1970-01-16 22:59:04.448
160,0,0.0,0.0,0.0,0.0,0.0,0.0,0.0,0.0,0.0,VM000,,1970-01-16 22:59:04.832
161,0,0.0,0.0,0.0,0.0,0.0,0.0,0.0,0.0,0.0,VM000,,1970-01-16 22:59:04.832
162,0,0.0,0.0,0.0,0.0,0.0,0.0,0.0,0.0,0.0,VM000,,1970-01-16 22:59:05.088
163,0,0.0,0.0,0.0,0.0,0.0,0.0,0.0,0.0,0.0,VM000,,1970-01-16 22:59:05.088
164,0,0.0,0.0,0.0,0.0,0.0,0.0,0.0,0.0,0.0,VM000,,1970-01-16 22:59:05.344
165,0,0.0,0.0,0.0,0.0,0.0,0.0,0.0,0.0,0.0,VM000,,1970-01-16 22:59:05.344
166,0,0.0,0.0,0.0,0.0,0.0,0.0,0.0,0.0,0.0,VM000,,1970-01-16 22:59:05.728
167,0,0.0,0.0,0.0,0.0,0.0,0.0,0.0,0.0,0.0,VM000,,1970-01-16 22:59:05.728
168,0,0.0,0.0,0.0,0.0,0.0,0.0,0.0,0.0,0.0,VM000,,1970-01-16 22:59:05.984
169,0,0.0,0.0,0.0,0.0,0.0,0.0,0.0,0.0,0.0,VM000,,1970-01-16 22:59:05.984
170,0,0.0,0.0,0.0,0.0,0.0,0.0,0.0,0.0,0.0,VM000,,1970-01-16 22:59:06.240
171,0,0.0,0.0,0.0,0.0,0.0,0.0,0.0,0.0,0.0,VM000,,1970-01-16 22:59:06.240
172,0,0.0,0.0,0.0,0.0,0.0,0.0,0.0,0.0,0.0,VM000,,1970-01-16 22:59:06.624
173,0,0.0,0.0,0.0,0.0,0.0,0.0,0.0,0.0,0.0,VM000,,1970-01-16 22:59:06.624
174,0,0.0,0.0,0.0,0.0,0.0,0.0,0.0,0.0,0.0,VM000,,1970-01-16 22:59:06.880
175,0,0.0,0.0,0.0,0.0,0.0,0.0,0.0,0.0,0.0,VM000,,1970-01-16 22:59:06.880
176,0,0.0,0.0,0.0,0.0,0.0,0.0,0.0,0.0,0.0,VM000,,1970-01-16 22:59:07.136
177,0,0.0,0.0,0.0,0.0,0.0,0.0,0.0,0.0,0.0,VM000,,1970-01-16 22:59:07.136
178,0,0.0,0.0,0.0,0.0,0.0,0.0,0.0,0.0,0.0,VM000,,1970-01-16 22:59:07.520
179,0,0.0,0.0,0.0,0.0,0.0,0.0,0.0,0.0,0.0,VM000,,1970-01-16 22:59:07.520
180,0,0.0,0.0,0.0,0.0,0.0,0.0,0.0,0.0,0.0,VM000,,1970-01-16 22:59:07.776
181,0,0.0,0.0,0.0,0.0,0.0,0.0,0.0,0.0,0.0,VM000,,1970-01-16 22:59:07.776
182,0,0.0,0.0,0.0,0.0,0.0,0.0,0.0,0.0,0.0,VM000,,1970-01-16 22:59:08.032
183,0,0.0,0.0,0.0,0.0,0.0,0.0,0.0,0.0,0.0,VM000,,1970-01-16 22:59:08.032
184,0,0.0,0.0,0.0,0.0,0.0,0.0,0.0,0.0,0.0,VM000,,1970-01-16 22:59:08.416
185,0,0.0,0.0,0.0,0.0,0.0,0.0,0.0,0.0,0.0,VM000,,1970-01-16 22:59:08.416
186,0,0.0,0.0,0.0,0.0,0.0,0.0,0.0,0.0,0.0,VM000,,1970-01-16 22:59:08.672
187,0,0.0,0.0,0.0,0.0,0.0,0.0,0.0,0.0,0.0,VM000,,1970-01-16 22:59:08.672
188,0,0.0,0.0,0.0,0.0,0.0,0.0,0.0,0.0,0.0,VM000,,1970-01-16 22:59:08.928
189,0,0.0,0.0,0.0,0.0,0.0,0.0,0.0,0.0,0.0,VM000,,1970-01-16 22:59:08.928
190,0,0.0,0.0,0.0,0.0,0.0,0.0,0.0,0.0,0.0,VM000,,1970-01-16 22:59:09.312
191,0,0.0,0.0,0.0,0.0,0.0,0.0,0.0,0.0,0.0,VM000,,1970-01-16 22:59:09.312
192,0,0.0,0.0,0.0,0.0,0.0,0.0,0.0,0.0,0.0,VM000,,1970-01-16 22:59:09.568
193,0,0.0,0.0,0.0,0.0,0.0,0.0,0.0,0.0,0.0,VM000,,1970-01-16 22:59:09.568
194,0,0.0,0.0,0.0,0.0,0.0,0.0,0.0,0.0,0.0,VM000,,1970-01-16 22:59:09.824
195,0,0.0,0.0,0.0,0.0,0.0,0.0,0.0,0.0,0.0,VM000,,1970-01-16 22:59:09.824
196,0,0.0,0.0,0.0,0.0,0.0,0.0,0.0,0.0,0.0,VM000,,1970-01-16 22:59:10.208
197,0,0.0,0.0,0.0,0.0,0.0,0.0,0.0,0.0,0.0,VM000,,1970-01-16 22:59:10.208
198,0,0.0,0.0,0.0,0.0,0.0,0.0,0.0,0.0,0.0,VM000,,1970-01-16 22:59:10.464
199,0,0.0,0.0,0.0,0.0,0.0,0.0,0.0,0.0,0.0,VM000,,1970-01-16 22:59:10.464
200,0,0.0,0.0,0.0,0.0,0.0,0.0,0.0,0.0,0.0,VM000,,1970-01-16 22:59:10.720
201,0,0.0,0.0,0.0,0.0,0.0,0.0,0.0,0.0,0.0,VM000,,1970-01-16 22:59:10.720
202,0,0.0,0.0,0.0,0.0,0.0,0.0,0.0,0.0,0.0,VM000,,1970-01-16 22:59:11.104
203,0,0.0,0.0,0.0,0.0,0.0,0.0,0.0,0.0,0.0,VM000,,1970-01-16 22:59:11.104
204,0,0.0,0.0,0.0,0.0,0.0,0.0,0.0,0.0,0.0,VM000,,1970-01-16 22:59:11.360
205,0,0.0,0.0,0.0,0.0,0.0,0.0,0.0,0.0,0.0,VM000,,1970-01-16 22:59:11.360
206,0,0.0,0.0,0.0,0.0,0.0,0.0,0.0,0.0,0.0,VM000,,1970-01-16 22:59:11.744
207,0,0.0,0.0,0.0,0.0,0.0,0.0,0.0,0.0,0.0,VM000,,1970-01-16 22:59:11.744
208,0,0.0,0.0,0.0,0.0,0.0,0.0,0.0,0.0,0.0,VM000,,1970-01-16 22:59:12.000
209,0,0.0,0.0,0.0,0.0,0.0,0.0,0.0,0.0,0.0,VM000,,1970-01-16 22:59:12.000
210,0,0.0,0.0,0.0,0.0,0.0,0.0,0.0,0.0,0.0,VM000,,1970-01-16 22:59:12.256
211,0,0.0,0.0,0.0,0.0,0.0,0.0,0.0,0.0,0.0,VM000,,1970-01-16 22:59:12.256
212,0,0.0,0.0,0.0,0.0,0.0,0.0,0.0,0.0,0.0,VM000,,1970-01-16 22:59:12.640
213,0,0.0,0.0,0.0,0.0,0.0,0.0,0.0,0.0,0.0,VM000,,1970-01-16 22:59:12.640
214,0,0.0,0.0,0.0,0.0,0.0,0.0,0.0,0.0,0.0,VM000,,1970-01-16 22:59:12.896
215,0,0.0,0.0,0.0,0.0,0.0,0.0,0.0,0.0,0.0,VM000,,1970-01-16 22:59:12.896
216,0,0.0,0.0,0.0,0.0,0.0,0.0,0.0,0.0,0.0,VM000,,1970-01-16 22:59:13.152
217,0,0.0,0.0,0.0,0.0,0.0,0.0,0.0,0.0,0.0,VM000,,1970-01-16 22:59:13.152
218,0,0.0,0.0,0.0,0.0,0.0,0.0,0.0,0.0,0.0,VM000,,1970-01-16 22:59:13.536
219,0,0.0,0.0,0.0,0.0,0.0,0.0,0.0,0.0,0.0,VM000,,1970-01-16 22:59:13.536
220,0,0.0,0.0,0.0,0.0,0.0,0.0,0.0,0.0,0.0,VM000,,1970-01-16 22:59:13.792
221,0,0.0,0.0,0.0,0.0,0.0,0.0,0.0,0.0,0.0,VM000,,1970-01-16 22:59:13.792
222,0,0.0,0.0,0.0,0.0,0.0,0.0,0.0,0.0,0.0,VM000,,1970-01-16 22:59:14.048
223,0,0.0,0.0,0.0,0.0,0.0,0.0,0.0,0.0,0.0,VM000,,1970-01-16 22:59:14.048
224,0,0.0,0.0,0.0,0.0,0.0,0.0,0.0,0.0,0.0,VM000,,1970-01-16 22:59:14.432
225,0,0.0,0.0,0.0,0.0,0.0,0.0,0.0,0.0,0.0,VM000,,1970-01-16 22:59:14.432
226,0,0.0,0.0,0.0,0.0,0.0,0.0,0.0,0.0,0.0,VM000,,1970-01-16 22:59:14.688
227,0,0.0,0.0,0.0,0.0,0.0,0.0,0.0,0.0,0.0,VM000,,1970-01-16 22:59:14.688
228,0,0.0,0.0,0.0,0.0,0.0,0.0,0.0,0.0,0.0,VM000,,1970-01-16 22:59:14.944
229,0,0.0,0.0,0.0,0.0,0.0,0.0,0.0,0.0,0.0,VM000,,1970-01-16 22:59:14.944
230,0,0.0,0.0,0.0,0.0,0.0,0.0,0.0,0.0,0.0,VM000,,1970-01-16 22:59:15.328
231,0,0.0,0.0,0.0,0.0,0.0,0.0,0.0,0.0,0.0,VM000,,1970-01-16 22:59:15.328
232,0,0.0,0.0,0.0,0.0,0.0,0.0,0.0,0.0,0.0,VM000,,1970-01-16 22:59:15.584
233,0,0.0,0.0,0.0,0.0,0.0,0.0,0.0,0.0,0.0,VM000,,1970-01-16 22:59:15.584
234,0,0.0,0.0,0.0,0.0,0.0,0.0,0.0,0.0,0.0,VM000,,1970-01-16 22:59:15.840
235,0,0.0,0.0,0.0,0.0,0.0,0.0,0.0,0.0,0.0,VM000,,1970-01-16 22:59:15.840
236,0,0.0,0.0,0.0,0.0,0.0,0.0,0.0,0.0,0.0,VM000,,1970-01-16 22:59:16.224
237,0,0.0,0.0,0.0,0.0,0.0,0.0,0.0,0.0,0.0,VM000,,1970-01-16 22:59:16.224
238,0,0.0,0.0,0.0,0.0,0.0,0.0,0.0,0.0,0.0,VM000,,1970-01-16 22:59:16.480
239,0,0.0,0.0,0.0,0.0,0.0,0.0,0.0,0.0,0.0,VM000,,1970-01-16 22:59:16.480
240,0,0.0,0.0,0.0,0.0,0.0,0.0,0.0,0.0,0.0,VM000,,1970-01-16 22:59:16.736
241,0,0.0,0.0,0.0,0.0,0.0,0.0,0.0,0.0,0.0,VM000,,1970-01-16 22:59:16.736
242,0,0.0,0.0,0.0,0.0,0.0,0.0,0.0,0.0,0.0,VM000,,1970-01-16 22:59:17.120
243,0,0.0,0.0,0.0,0.0,0.0,0.0,0.0,0.0,0.0,VM000,,1970-01-16 22:59:17.120
244,0,0.0,0.0,0.0,0.0,0.0,0.0,0.0,0.0,0.0,VM000,,1970-01-16 22:59:17.376
245,0,0.0,0.0,0.0,0.0,0.0,0.0,0.0,0.0,0.0,VM000,,1970-01-16 22:59:17.376
246,0,0.0,0.0,0.0,0.0,0.0,0.0,0.0,0.0,0.0,VM000,,1970-01-16 22:59:17.632
247,0,0.0,0.0,0.0,0.0,0.0,0.0,0.0,0.0,0.0,VM000,,1970-01-16 22:59:17.632
248,0,0.0,0.0,0.0,0.0,0.0,0.0,0.0,0.0,0.0,VM000,,1970-01-16 22:59:18.016
249,0,0.0,0.0,0.0,0.0,0.0,0.0,0.0,0.0,0.0,VM000,,1970-01-16 22:59:18.016
250,0,0.0,0.0,0.0,0.0,0.0,0.0,0.0,0.0,0.0,VM000,,1970-01-16 22:59:18.272
251,0,0.0,0.0,0.0,0.0,0.0,0.0,0.0,0.0,0.0,VM000,,1970-01-16 22:59:18.272
252,0,0.0,0.0,0.0,0.0,0.0,0.0,0.0,0.0,0.0,VM000,,1970-01-16 22:59:18.528
253,0,0.0,0.0,0.0,0.0,0.0,0.0,0.0,0.0,0.0,VM000,,1970-01-16 22:59:18.528
254,0,0.0,0.0,0.0,0.0,0.0,0.0,0.0,0.0,0.0,VM000,,1970-01-16 22:59:18.912
255,0,0.0,0.0,0.0,0.0,0.0,0.0,0.0,0.0,0.0,VM000,,1970-01-16 22:59:18.912
256,0,0.0,0.0,0.0,0.0,0.0,0.0,0.0,0.0,0.0,VM000,,1970-01-16 22:59:19.168
257,0,0.0,0.0,0.0,0.0,0.0,0.0,0.0,0.0,0.0,VM000,,1970-01-16 22:59:19.168
258,0,0.0,0.0,0.0,0.0,0.0,0.0,0.0,0.0,0.0,VM000,,1970-01-16 22:59:19.424
259,0,0.0,0.0,0.0,0.0,0.0,0.0,0.0,0.0,0.0,VM000,,1970-01-16 22:59:19.424
260,0,0.0,0.0,0.0,0.0,0.0,0.0,0.0,0.0,0.0,VM000,,1970-01-16 22:59:19.808
261,0,0.0,0.0,0.0,0.0,0.0,0.0,0.0,0.0,0.0,VM000,,1970-01-16 22:59:19.808
262,0,0.0,0.0,0.0,0.0,0.0,0.0,0.0,0.0,0.0,VM000,,1970-01-16 22:59:20.064
263,0,0.0,0.0,0.0,0.0,0.0,0.0,0.0,0.0,0.0,VM000,,1970-01-16 22:59:20.064
264,0,0.0,0.0,0.0,0.0,0.0,0.0,0.0,0.0,0.0,VM000,,1970-01-16 22:59:20.320
265,0,0.0,0.0,0.0,0.0,0.0,0.0,0.0,0.0,0.0,VM000,,1970-01-16 22:59:20.448
266,0,0.0,0.0,0.0,0.0,0.0,0.0,0.0,0.0,0.0,VM000,,1970-01-16 22:59:20.704
267,0,0.0,0.0,0.0,0.0,0.0,0.0,0.0,0.0,0.0,VM000,,1970-01-16 22:59:20.704
268,0,0.0,0.0,0.0,0.0,0.0,0.0,0.0,0.0,0.0,VM000,,1970-01-16 22:59:20.960
269,0,0.0,0.0,0.0,0.0,0.0,0.0,0.0,0.0,0.0,VM000,,1970-01-16 22:59:20.960
270,0,0.0,0.0,0.0,0.0,0.0,0.0,0.0,0.0,0.0,VM000,,1970-01-16 22:59:21.344
271,0,0.0,0.0,0.0,0.0,0.0,0.0,0.0,0.0,0.0,VM000,,1970-01-16 22:59:21.344
272,0,0.0,0.0,0.0,0.0,0.0,0.0,0.0,0.0,0.0,VM000,,1970-01-16 22:59:21.600
273,0,0.0,0.0,0.0,0.0,0.0,0.0,0.0,0.0,0.0,VM000,,1970-01-16 22:59:21.600
274,0,0.0,0.0,0.0,0.0,0.0,0.0,0.0,0.0,0.0,VM000,,1970-01-16 22:59:21.856
275,0,0.0,0.0,0.0,0.0,0.0,0.0,0.0,0.0,0.0,VM000,,1970-01-16 22:59:21.856
276,0,0.0,0.0,0.0,0.0,0.0,0.0,0.0,0.0,0.0,VM000,,1970-01-16 22:59:22.240
277,0,0.0,0.0,0.0,0.0,0.0,0.0,0.0,0.0,0.0,VM000,,1970-01-16 22:59:22.240
278,0,0.0,0.0,0.0,0.0,0.0,0.0,0.0,0.0,0.0,VM000,,1970-01-16 22:59:22.496
279,0,0.0,0.0,0.0,0.0,0.0,0.0,0.0,0.0,0.0,VM000,,1970-01-16 22:59:22.496
280,0,0.0,0.0,0.0,0.0,0.0,0.0,0.0,0.0,0.0,VM000,,1970-01-16 22:59:22.752
281,0,0.0,0.0,0.0,0.0,0.0,0.0,0.0,0.0,0.0,VM000,,1970-01-16 22:59:22.752
282,0,0.0,0.0,0.0,0.0,0.0,0.0,0.0,0.0,0.0,VM000,,1970-01-16 22:59:23.136
283,0,0.0,0.0,0.0,0.0,0.0,0.0,0.0,0.0,0.0,VM000,,1970-01-16 22:59:23.136
284,0,0.0,0.0,0.0,0.0,0.0,0.0,0.0,0.0,0.0,VM000,,1970-01-16 22:59:23.392
285,0,0.0,0.0,0.0,0.0,0.0,0.0,0.0,0.0,0.0,VM000,,1970-01-16 22:59:23.392
286,0,0.0,0.0,0.0,0.0,0.0,0.0,0.0,0.0,0.0,VM000,,1970-01-16 22:59:23.648
287,0,0.0,0.0,0.0,0.0,0.0,0.0,0.0,0.0,0.0,VM000,,1970-01-16 22:59:23.648
288,0,0.0,0.0,0.0,0.0,0.0,0.0,0.0,0.0,0.0,VM000,,1970-01-16 22:59:24.032
289,0,0.0,0.0,0.0,0.0,0.0,0.0,0.0,0.0,0.0,VM000,,1970-01-16 22:59:24.032
290,0,0.0,0.0,0.0,0.0,0.0,0.0,0.0,0.0,0.0,VM000,,1970-01-16 22:59:24.288
291,0,0.0,0.0,0.0,0.0,0.0,0.0,0.0,0.0,0.0,VM000,,1970-01-16 22:59:24.288
292,0,0.0,0.0,0.0,0.0,0.0,0.0,0.0,0.0,0.0,VM000,,1970-01-16 22:59:24.544
293,0,0.0,0.0,0.0,0.0,0.0,0.0,0.0,0.0,0.0,VM000,,1970-01-16 22:59:24.544
294,0,0.0,0.0,0.0,0.0,0.0,0.0,0.0,0.0,0.0,VM000,,1970-01-16 22:59:24.928
295,0,0.0,0.0,0.0,0.0,0.0,0.0,0.0,0.0,0.0,VM000,,1970-01-16 22:59:24.928
296,0,0.0,0.0,0.0,0.0,0.0,0.0,0.0,0.0,0.0,VM000,,1970-01-16 22:59:25.184
297,0,0.0,0.0,0.0,0.0,0.0,0.0,0.0,0.0,0.0,VM000,,1970-01-16 22:59:25.184
298,0,0.0,0.0,0.0,0.0,0.0,0.0,0.0,0.0,0.0,VM000,,1970-01-16 22:59:25.440
299,0,0.0,0.0,0.0,0.0,0.0,0.0,0.0,0.0,0.0,VM000,,1970-01-16 22:59:25.440
300,0,0.0,0.0,0.0,0.0,0.0,0.0,0.0,0.0,0.0,VM000,,1970-01-16 22:59:25.824
301,0,0.0,0.0,0.0,0.0,0.0,0.0,0.0,0.0,0.0,VM000,,1970-01-16 22:59:25.824
302,0,0.0,0.0,0.0,0.0,0.0,0.0,0.0,0.0,0.0,VM000,,1970-01-16 22:59:26.080
303,0,0.0,0.0,0.0,0.0,0.0,0.0,0.0,0.0,0.0,VM000,,1970-01-16 22:59:26.080
304,0,0.0,0.0,0.0,0.0,0.0,0.0,0.0,0.0,0.0,VM000,,1970-01-16 22:59:26.336
305,0,0.0,0.0,0.0,0.0,0.0,0.0,0.0,0.0,0.0,VM000,,1970-01-16 22:59:26.336
306,0,0.0,0.0,0.0,0.0,0.0,0.0,0.0,0.0,0.0,VM000,,1970-01-16 22:59:26.720
307,0,0.0,0.0,0.0,0.0,0.0,0.0,0.0,0.0,0.0,VM000,,1970-01-16 22:59:26.720
308,0,0.0,0.0,0.0,0.0,0.0,0.0,0.0,0.0,0.0,VM000,,1970-01-16 22:59:26.976
309,0,0.0,0.0,0.0,0.0,0.0,0.0,0.0,0.0,0.0,VM000,,1970-01-16 22:59:26.976
310,0,0.0,0.0,0.0,0.0,0.0,0.0,0.0,0.0,0.0,VM000,,1970-01-16 22:59:27.232
311,0,0.0,0.0,0.0,0.0,0.0,0.0,0.0,0.0,0.0,VM000,,1970-01-16 22:59:27.232
312,0,0.0,0.0,0.0,0.0,0.0,0.0,0.0,0.0,0.0,VM000,,1970-01-16 22:59:27.616
313,0,0.0,0.0,0.0,0.0,0.0,0.0,0.0,0.0,0.0,VM000,,1970-01-16 22:59:27.616
314,0,0.0,0.0,0.0,0.0,0.0,0.0,0.0,0.0,0.0,VM000,,1970-01-16 22:59:27.872
315,0,0.0,0.0,0.0,0.0,0.0,0.0,0.0,0.0,0.0,VM000,,1970-01-16 22:59:27.872
316,0,0.0,0.0,0.0,0.0,0.0,0.0,0.0,0.0,0.0,VM000,,1970-01-16 22:59:28.128
317,0,0.0,0.0,0.0,0.0,0.0,0.0,0.0,0.0,0.0,VM000,,1970-01-16 22:59:28.128
318,0,0.0,0.0,0.0,0.0,0.0,0.0,0.0,0.0,0.0,VM000,,1970-01-16 22:59:28.512
319,0,0.0,0.0,0.0,0.0,0.0,0.0,0.0,0.0,0.0,VM000,,1970-01-16 22:59:28.512
320,0,0.0,0.0,0.0,0.0,0.0,0.0,0.0,0.0,0.0,VM000,,1970-01-16 22:59:28.768
321,0,0.0,0.0,0.0,0.0,0.0,0.0,0.0,0.0,0.0,VM000,,1970-01-16 22:59:28.768
322,0,0.0,0.0,0.0,0.0,0.0,0.0,0.0,0.0,0.0,VM000,,1970-01-16 22:59:29.024
323,0,0.0,0.0,0.0,0.0,0.0,0.0,0.0,0.0,0.0,VM000,,1970-01-16 22:59:29.024
324,0,0.0,0.0,0.0,0.0,0.0,0.0,0.0,0.0,0.0,VM000,,1970-01-16 22:59:29.408
325,0,0.0,0.0,0.0,0.0,0.0,0.0,0.0,0.0,0.0,VM000,,1970-01-16 22:59:29.408
326,0,0.0,0.0,0.0,0.0,0.0,0.0,0.0,0.0,0.0,VM000,,1970-01-16 22:59:29.664
327,0,0.0,0.0,0.0,0.0,0.0,0.0,0.0,0.0,0.0,VM000,,1970-01-16 22:59:29.664
328,0,0.0,0.0,0.0,0.0,0.0,0.0,0.0,0.0,0.0,VM000,,1970-01-16 22:59:29.920
329,0,0.0,0.0,0.0,0.0,0.0,0.0,0.0,0.0,0.0,VM000,,1970-01-16 22:59:30.048
330,0,0.0,0.0,0.0,0.0,0.0,0.0,0.0,0.0,0.0,VM000,,1970-01-16 22:59:30.304
331,0,0.0,0.0,0.0,0.0,0.0,0.0,0.0,0.0,0.0,VM000,,1970-01-16 22:59:30.304
332,0,0.0,0.0,0.0,0.0,0.0,0.0,0.0,0.0,0.0,VM000,,1970-01-16 22:59:30.560
333,0,0.0,0.0,0.0,0.0,0.0,0.0,0.0,0.0,0.0,VM000,,1970-01-16 22:59:30.560
334,0,0.0,0.0,0.0,0.0,0.0,0.0,0.0,0.0,0.0,VM000,,1970-01-16 22:59:30.944
335,0,0.0,0.0,0.0,0.0,0.0,0.0,0.0,0.0,0.0,VM000,,1970-01-16 22:59:30.944
336,0,0.0,0.0,0.0,0.0,0.0,0.0,0.0,0.0,0.0,VM000,,1970-01-16 22:59:31.200
337,0,0.0,0.0,0.0,0.0,0.0,0.0,0.0,0.0,0.0,VM000,,1970-01-16 22:59:31.200
338,0,0.0,0.0,0.0,0.0,0.0,0.0,0.0,0.0,0.0,VM000,,1970-01-16 22:59:31.456
339,0,0.0,0.0,0.0,0.0,0.0,0.0,0.0,0.0,0.0,VM000,,1970-01-16 22:59:31.456
340,0,0.0,0.0,0.0,0.0,0.0,0.0,0.0,0.0,0.0,VM000,,1970-01-16 22:59:31.840
341,0,0.0,0.0,0.0,0.0,0.0,0.0,0.0,0.0,0.0,VM000,,1970-01-16 22:59:31.840
342,0,0.0,0.0,0.0,0.0,0.0,0.0,0.0,0.0,0.0,VM000,,1970-01-16 22:59:32.096
343,0,0.0,0.0,0.0,0.0,0.0,0.0,0.0,0.0,0.0,VM000,,1970-01-16 22:59:32.096
344,0,0.0,0.0,0.0,0.0,0.0,0.0,0.0,0.0,0.0,VM000,,1970-01-16 22:59:32.352
345,0,0.0,0.0,0.0,0.0,0.0,0.0,0.0,0.0,0.0,VM000,,1970-01-16 22:59:32.352
346,0,0.0,0.0,0.0,0.0,0.0,0.0,0.0,0.0,0.0,VM000,,1970-01-16 22:59:32.736
347,0,0.0,0.0,0.0,0.0,0.0,0.0,0.0,0.0,0.0,VM000,,1970-01-16 22:59:32.736
348,0,0.0,0.0,0.0,0.0,0.0,0.0,0.0,0.0,0.0,VM000,,1970-01-16 22:59:32.992
349,0,0.0,0.0,0.0,0.0,0.0,0.0,0.0,0.0,0.0,VM000,,1970-01-16 22:59:32.992
350,0,0.0,0.0,0.0,0.0,0.0,0.0,0.0,0.0,0.0,VM000,,1970-01-16 22:59:33.248
351,0,0.0,0.0,0.0,0.0,0.0,0.0,0.0,0.0,0.0,VM000,,1970-01-16 22:59:33.248
352,0,0.0,0.0,0.0,0.0,0.0,0.0,0.0,0.0,0.0,VM000,,1970-01-16 22:59:33.632
353,0,0.0,0.0,0.0,0.0,0.0,0.0,0.0,0.0,0.0,VM000,,1970-01-16 22:59:33.632
354,0,0.0,0.0,0.0,0.0,0.0,0.0,0.0,0.0,0.0,VM000,,1970-01-16 22:59:33.888
355,0,0.0,0.0,0.0,0.0,0.0,0.0,0.0,0.0,0.0,VM000,,1970-01-16 22:59:33.888
356,0,0.0,0.0,0.0,0.0,0.0,0.0,0.0,0.0,0.0,VM000,,1970-01-16 22:59:34.144
357,0,0.0,0.0,0.0,0.0,0.0,0.0,0.0,0.0,0.0,VM000,,1970-01-16 22:59:34.144
358,0,0.0,0.0,0.0,0.0,0.0,0.0,0.0,0.0,0.0,VM000,,1970-01-16 22:59:34.528
359,0,0.0,0.0,0.0,0.0,0.0,0.0,0.0,0.0,0.0,VM000,,1970-01-16 22:59:34.528
360,0,0.0,0.0,0.0,0.0,0.0,0.0,0.0,0.0,0.0,VM000,,1970-01-16 22:59:34.784
361,0,0.0,0.0,0.0,0.0,0.0,0.0,0.0,0.0,0.0,VM000,,1970-01-16 22:59:34.784
362,0,0.0,0.0,0.0,0.0,0.0,0.0,0.0,0.0,0.0,VM000,,1970-01-16 22:59:35.040
363,0,0.0,0.0,0.0,0.0,0.0,0.0,0.0,0.0,0.0,VM000,,1970-01-16 22:59:35.040
364,0,0.0,0.0,0.0,0.0,0.0,0.0,0.0,0.0,0.0,VM000,,1970-01-16 22:59:35.424
365,0,0.0,0.0,0.0,0.0,0.0,0.0,0.0,0.0,0.0,VM000,,1970-01-16 22:59:35.424
366,0,0.0,0.0,0.0,0.0,0.0,0.0,0.0,0.0,0.0,VM000,,1970-01-16 22:59:35.680
367,0,0.0,0.0,0.0,0.0,0.0,0.0,0.0,0.0,0.0,VM000,,1970-01-16 22:59:35.680
368,0,0.0,0.0,0.0,0.0,0.0,0.0,0.0,0.0,0.0,VM000,,1970-01-16 22:59:35.936
369,0,0.0,0.0,0.0,0.0,0.0,0.0,0.0,0.0,0.0,VM000,,1970-01-16 22:59:35.936
370,0,0.0,0.0,0.0,0.0,0.0,0.0,0.0,0.0,0.0,VM000,,1970-01-16 22:59:36.320
371,0,0.0,0.0,0.0,0.0,0.0,0.0,0.0,0.0,0.0,VM000,,1970-01-16 22:59:36.320
372,0,0.0,0.0,0.0,0.0,0.0,0.0,0.0,0.0,0.0,VM000,,1970-01-16 22:59:36.576
373,0,0.0,0.0,0.0,0.0,0.0,0.0,0.0,0.0,0.0,VM000,,1970-01-16 22:59:36.576
374,0,0.0,0.0,0.0,0.0,0.0,0.0,0.0,0.0,0.0,VM000,,1970-01-16 22:59:36.832
375,0,0.0,0.0,0.0,0.0,0.0,0.0,0.0,0.0,0.0,VM000,,1970-01-16 22:59:36.832
376,0,0.0,0.0,0.0,0.0,0.0,0.0,0.0,0.0,0.0,VM000,,1970-01-16 22:59:37.216
377,0,0.0,0.0,0.0,0.0,0.0,0.0,0.0,0.0,0.0,VM000,,1970-01-16 22:59:37.216
378,0,0.0,0.0,0.0,0.0,0.0,0.0,0.0,0.0,0.0,VM000,,1970-01-16 22:59:37.472
379,0,0.0,0.0,0.0,0.0,0.0,0.0,0.0,0.0,0.0,VM000,,1970-01-16 22:59:37.472
380,0,0.0,0.0,0.0,0.0,0.0,0.0,0.0,0.0,0.0,VM000,,1970-01-16 22:59:37.728
381,0,0.0,0.0,0.0,0.0,0.0,0.0,0.0,0.0,0.0,VM000,,1970-01-16 22:59:37.728
382,0,0.0,0.0,0.0,0.0,0.0,0.0,0.0,0.0,0.0,VM000,,1970-01-16 22:59:38.112
383,0,0.0,0.0,0.0,0.0,0.0,0.0,0.0,0.0,0.0,VM000,,1970-01-16 22:59:38.112
384,0,0.0,0.0,0.0,0.0,0.0,0.0,0.0,0.0,0.0,VM000,,1970-01-16 22:59:38.368
385,0,0.0,0.0,0.0,0.0,0.0,0.0,0.0,0.0,0.0,VM000,,1970-01-16 22:59:38.368
386,0,0.0,0.0,0.0,0.0,0.0,0.0,0.0,0.0,0.0,VM000,,1970-01-16 22:59:38.624
387,0,0.0,0.0,0.0,0.0,0.0,0.0,0.0,0.0,0.0,VM000,,1970-01-16 22:59:38.624
388,0,0.0,0.0,0.0,0.0,0.0,0.0,0.0,0.0,0.0,VM000,,1970-01-16 22:59:39.008
389,0,0.0,0.0,0.0,0.0,0.0,0.0,0.0,0.0,0.0,VM000,,1970-01-16 22:59:39.008
390,0,0.0,0.0,0.0,0.0,0.0,0.0,0.0,0.0,0.0,VM000,,1970-01-16 22:59:39.264
391,0,0.0,0.0,0.0,0.0,0.0,0.0,0.0,0.0,0.0,VM000,,1970-01-16 22:59:39.264
392,0,0.0,0.0,0.0,0.0,0.0,0.0,0.0,0.0,0.0,VM000,,1970-01-16 22:59:39.520
393,0,0.0,0.0,0.0,0.0,0.0,0.0,0.0,0.0,0.0,VM000,,1970-01-16 22:59:39.648
394,0,0.0,0.0,0.0,0.0,0.0,0.0,0.0,0.0,0.0,VM000,,1970-01-16 22:59:39.904
395,0,0.0,0.0,0.0,0.0,0.0,0.0,0.0,0.0,0.0,VM000,,1970-01-16 22:59:39.904
396,0,0.0,0.0,0.0,0.0,0.0,0.0,0.0,0.0,0.0,VM000,,1970-01-16 22:59:40.160
397,0,0.0,0.0,0.0,0.0,0.0,0.0,0.0,0.0,0.0,VM000,,1970-01-16 22:59:40.160
398,0,0.0,0.0,0.0,0.0,0.0,0.0,0.0,0.0,0.0,VM000,,1970-01-16 22:59:40.544
399,0,0.0,0.0,0.0,0.0,0.0,0.0,0.0,0.0,0.0,VM000,,1970-01-16 22:59:40.544
400,0,0.0,0.0,0.0,0.0,0.0,0.0,0.0,0.0,0.0,VM000,,1970-01-16 22:59:40.800
401,0,0.0,0.0,0.0,0.0,0.0,0.0,0.0,0.0,0.0,VM000,,1970-01-16 22:59:40.800
402,0,0.0,0.0,0.0,0.0,0.0,0.0,0.0,0.0,0.0,VM000,,1970-01-16 22:59:41.056
403,0,0.0,0.0,0.0,0.0,0.0,0.0,0.0,0.0,0.0,VM000,,1970-01-16 22:59:41.056
404,0,0.0,0.0,0.0,0.0,0.0,0.0,0.0,0.0,0.0,VM000,,1970-01-16 22:59:41.440
405,0,0.0,0.0,0.0,0.0,0.0,0.0,0.0,0.0,0.0,VM000,,1970-01-16 22:59:41.440
406,0,0.0,0.0,0.0,0.0,0.0,0.0,0.0,0.0,0.0,VM000,,1970-01-16 22:59:41.696
407,0,0.0,0.0,0.0,0.0,0.0,0.0,0.0,0.0,0.0,VM000,,1970-01-16 22:59:41.696
408,0,0.0,0.0,0.0,0.0,0.0,0.0,0.0,0.0,0.0,VM000,,1970-01-16 22:59:41.952
409,0,0.0,0.0,0.0,0.0,0.0,0.0,0.0,0.0,0.0,VM000,,1970-01-16 22:59:41.952
410,0,0.0,0.0,0.0,0.0,0.0,0.0,0.0,0.0,0.0,VM000,,1970-01-16 22:59:42.336
411,0,0.0,0.0,0.0,0.0,0.0,0.0,0.0,0.0,0.0,VM000,,1970-01-16 22:59:42.336
412,0,0.0,0.0,0.0,0.0,0.0,0.0,0.0,0.0,0.0,VM000,,1970-01-16 22:59:42.592
413,0,0.0,0.0,0.0,0.0,0.0,0.0,0.0,0.0,0.0,VM000,,1970-01-16 22:59:42.592
414,0,0.0,0.0,0.0,0.0,0.0,0.0,0.0,0.0,0.0,VM000,,1970-01-16 22:59:42.848
415,0,0.0,0.0,0.0,0.0,0.0,0.0,0.0,0.0,0.0,VM000,,1970-01-16 22:59:42.848
416,0,0.0,0.0,0.0,0.0,0.0,0.0,0.0,0.0,0.0,VM000,,1970-01-16 22:59:43.232
417,0,0.0,0.0,0.0,0.0,0.0,0.0,0.0,0.0,0.0,VM000,,1970-01-16 22:59:43.232
418,0,0.0,0.0,0.0,0.0,0.0,0.0,0.0,0.0,0.0,VM000,,1970-01-16 22:59:43.488
419,0,0.0,0.0,0.0,0.0,0.0,0.0,0.0,0.0,0.0,VM000,,1970-01-16 22:59:43.488
420,0,0.0,0.0,0.0,0.0,0.0,0.0,0.0,0.0,0.0,VM000,,1970-01-16 22:59:43.744
421,0,0.0,0.0,0.0,0.0,0.0,0.0,0.0,0.0,0.0,VM000,,1970-01-16 22:59:43.744
422,0,0.0,0.0,0.0,0.0,0.0,0.0,0.0,0.0,0.0,VM000,,1970-01-16 22:59:44.128
423,0,0.0,0.0,0.0,0.0,0.0,0.0,0.0,0.0,0.0,VM000,,1970-01-16 22:59:44.128
424,0,0.0,0.0,0.0,0.0,0.0,0.0,0.0,0.0,0.0,VM000,,1970-01-16 22:59:44.384
425,0,0.0,0.0,0.0,0.0,0.0,0.0,0.0,0.0,0.0,VM000,,1970-01-16 22:59:44.384
426,0,0.0,0.0,0.0,0.0,0.0,0.0,0.0,0.0,0.0,VM000,,1970-01-16 22:59:44.640
427,0,0.0,0.0,0.0,0.0,0.0,0.0,0.0,0.0,0.0,VM000,,1970-01-16 22:59:44.640
428,0,0.0,0.0,0.0,0.0,0.0,0.0,0.0,0.0,0.0,VM000,,1970-01-16 22:59:45.024
429,0,0.0,0.0,0.0,0.0,0.0,0.0,0.0,0.0,0.0,VM000,,1970-01-16 22:59:45.024
430,0,0.0,0.0,0.0,0.0,0.0,0.0,0.0,0.0,0.0,VM000,,1970-01-16 22:59:45.280
431,0,0.0,0.0,0.0,0.0,0.0,0.0,0.0,0.0,0.0,VM000,,1970-01-16 22:59:45.280
432,0,0.0,0.0,0.0,0.0,0.0,0.0,0.0,0.0,0.0,VM000,,1970-01-16 22:59:45.536
433,0,0.0,0.0,0.0,0.0,0.0,0.0,0.0,0.0,0.0,VM000,,1970-01-16 22:59:45.536
434,0,0.0,0.0,0.0,0.0,0.0,0.0,0.0,0.0,0.0,VM000,,1970-01-16 22:59:45.920
435,0,0.0,0.0,0.0,0.0,0.0,0.0,0.0,0.0,0.0,VM000,,1970-01-16 22:59:45.920
436,0,0.0,0.0,0.0,0.0,0.0,0.0,0.0,0.0,0.0,VM000,,1970-01-16 22:59:46.176
437,0,0.0,0.0,0.0,0.0,0.0,0.0,0.0,0.0,0.0,VM000,,1970-01-16 22:59:46.176
438,0,0.0,0.0,0.0,0.0,0.0,0.0,0.0,0.0,0.0,VM000,,1970-01-16 22:59:46.432
439,0,0.0,0.0,0.0,0.0,0.0,0.0,0.0,0.0,0.0,VM000,,1970-01-16 22:59:46.432
440,0,0.0,0.0,0.0,0.0,0.0,0.0,0.0,0.0,0.0,VM000,,1970-01-16 22:59:46.816
441,0,0.0,0.0,0.0,0.0,0.0,0.0,0.0,0.0,0.0,VM000,,1970-01-16 22:59:46.816
442,0,0.0,0.0,0.0,0.0,0.0,0.0,0.0,0.0,0.0,VM000,,1970-01-16 22:59:47.072
443,0,0.0,0.0,0.0,0.0,0.0,0.0,0.0,0.0,0.0,VM000,,1970-01-16 22:59:47.072
444,0,0.0,0.0,0.0,0.0,0.0,0.0,0.0,0.0,0.0,VM000,,1970-01-16 22:59:47.328
445,0,0.0,0.0,0.0,0.0,0.0,0.0,0.0,0.0,0.0,VM000,,1970-01-16 22:59:47.328
446,0,0.0,0.0,0.0,0.0,0.0,0.0,0.0,0.0,0.0,VM000,,1970-01-16 22:59:47.712
447,0,0.0,0.0,0.0,0.0,0.0,0.0,0.0,0.0,0.0,VM000,,1970-01-16 22:59:47.712
448,0,0.0,0.0,0.0,0.0,0.0,0.0,0.0,0.0,0.0,VM000,,1970-01-16 22:59:47.968
449,0,0.0,0.0,0.0,0.0,0.0,0.0,0.0,0.0,0.0,VM000,,1970-01-16 22:59:47.968
450,0,0.0,0.0,0.0,0.0,0.0,0.0,0.0,0.0,0.0,VM000,,1970-01-16 22:59:48.224
451,0,0.0,0.0,0.0,0.0,0.0,0.0,0.0,0.0,0.0,VM000,,1970-01-16 22:59:48.352
452,0,0.0,0.0,0.0,0.0,0.0,0.0,0.0,0.0,0.0,VM000,,1970-01-16 22:59:48.608
453,0,0.0,0.0,0.0,0.0,0.0,0.0,0.0,0.0,0.0,VM000,,1970-01-16 22:59:48.608
454,0,0.0,0.0,0.0,0.0,0.0,0.0,0.0,0.0,0.0,VM000,,1970-01-16 22:59:48.864
455,0,0.0,0.0,0.0,0.0,0.0,0.0,0.0,0.0,0.0,VM000,,1970-01-16 22:59:48.864
456,0,0.0,0.0,0.0,0.0,0.0,0.0,0.0,0.0,0.0,VM000,,1970-01-16 22:59:49.120
457,0,0.0,0.0,0.0,0.0,0.0,0.0,0.0,0.0,0.0,VM000,,1970-01-16 22:59:49.248
458,0,0.0,0.0,0.0,0.0,0.0,0.0,0.0,0.0,0.0,VM000,,1970-01-16 22:59:49.504
459,0,0.0,0.0,0.0,0.0,0.0,0.0,0.0,0.0,0.0,VM000,,1970-01-16 22:59:49.504
460,0,0.0,0.0,0.0,0.0,0.0,0.0,0.0,0.0,0.0,VM000,,1970-01-16 22:59:49.760
461,0,0.0,0.0,0.0,0.0,0.0,0.0,0.0,0.0,0.0,VM000,,1970-01-16 22:59:49.760
462,0,0.0,0.0,0.0,0.0,0.0,0.0,0.0,0.0,0.0,VM000,,1970-01-16 22:59:50.144
463,0,0.0,0.0,0.0,0.0,0.0,0.0,0.0,0.0,0.0,VM000,,1970-01-16 22:59:50.144
464,0,0.0,0.0,0.0,0.0,0.0,0.0,0.0,0.0,0.0,VM000,,1970-01-16 22:59:50.400
465,0,0.0,0.0,0.0,0.0,0.0,0.0,0.0,0.0,0.0,VM000,,1970-01-16 22:59:50.400
466,0,0.0,0.0,0.0,0.0,0.0,0.0,0.0,0.0,0.0,VM000,,1970-01-16 22:59:50.656
467,0,0.0,0.0,0.0,0.0,0.0,0.0,0.0,0.0,0.0,VM000,,1970-01-16 22:59:50.656
468,0,0.0,0.0,0.0,0.0,0.0,0.0,0.0,0.0,0.0,VM000,,1970-01-16 22:59:51.040
469,0,0.0,0.0,0.0,0.0,0.0,0.0,0.0,0.0,0.0,VM000,,1970-01-16 22:59:51.040
470,0,0.0,0.0,0.0,0.0,0.0,0.0,0.0,0.0,0.0,VM000,,1970-01-16 22:59:51.296
471,0,0.0,0.0,0.0,0.0,0.0,0.0,0.0,0.0,0.0,VM000,,1970-01-16 22:59:51.296
472,0,0.0,0.0,0.0,0.0,0.0,0.0,0.0,0.0,0.0,VM000,,1970-01-16 22:59:51.552
473,0,0.0,0.0,0.0,0.0,0.0,0.0,0.0,0.0,0.0,VM000,,1970-01-16 22:59:51.552
474,0,0.0,0.0,0.0,0.0,0.0,0.0,0.0,0.0,0.0,VM000,,1970-01-16 22:59:51.936
475,0,0.0,0.0,0.0,0.0,0.0,0.0,0.0,0.0,0.0,VM000,,1970-01-16 22:59:51.936
476,0,0.0,0.0,0.0,0.0,0.0,0.0,0.0,0.0,0.0,VM000,,1970-01-16 22:59:52.192
477,0,0.0,0.0,0.0,0.0,0.0,0.0,0.0,0.0,0.0,VM000,,1970-01-16 22:59:52.192
478,0,0.0,0.0,0.0,0.0,0.0,0.0,0.0,0.0,0.0,VM000,,1970-01-16 22:59:52.448
479,0,0.0,0.0,0.0,0.0,0.0,0.0,0.0,0.0,0.0,VM000,,1970-01-16 22:59:52.448
480,0,0.0,0.0,0.0,0.0,0.0,0.0,0.0,0.0,0.0,VM000,,1970-01-16 22:59:52.832
481,0,0.0,0.0,0.0,0.0,0.0,0.0,0.0,0.0,0.0,VM000,,1970-01-16 22:59:52.832
482,0,0.0,0.0,0.0,0.0,0.0,0.0,0.0,0.0,0.0,VM000,,1970-01-16 22:59:53.088
483,0,0.0,0.0,0.0,0.0,0.0,0.0,0.0,0.0,0.0,VM000,,1970-01-16 22:59:53.088
484,0,0.0,0.0,0.0,0.0,0.0,0.0,0.0,0.0,0.0,VM000,,1970-01-16 22:59:53.344
485,0,0.0,0.0,0.0,0.0,0.0,0.0,0.0,0.0,0.0,VM000,,1970-01-16 22:59:53.344
486,0,0.0,0.0,0.0,0.0,0.0,0.0,0.0,0.0,0.0,VM000,,1970-01-16 22:59:53.728
487,0,0.0,0.0,0.0,0.0,0.0,0.0,0.0,0.0,0.0,VM000,,1970-01-16 22:59:53.728
488,0,0.0,0.0,0.0,0.0,0.0,0.0,0.0,0.0,0.0,VM000,,1970-01-16 22:59:53.984
489,0,0.0,0.0,0.0,0.0,0.0,0.0,0.0,0.0,0.0,VM000,,1970-01-16 22:59:53.984
490,0,0.0,0.0,0.0,0.0,0.0,0.0,0.0,0.0,0.0,VM000,,1970-01-16 22:59:54.240
491,0,0.0,0.0,0.0,0.0,0.0,0.0,0.0,0.0,0.0,VM000,,1970-01-16 22:59:54.240
492,0,0.0,0.0,0.0,0.0,0.0,0.0,0.0,0.0,0.0,VM000,,1970-01-16 22:59:54.624
493,0,0.0,0.0,0.0,0.0,0.0,0.0,0.0,0.0,0.0,VM000,,1970-01-16 22:59:54.624
494,0,0.0,0.0,0.0,0.0,0.0,0.0,0.0,0.0,0.0,VM000,,1970-01-16 22:59:54.880
495,0,0.0,0.0,0.0,0.0,0.0,0.0,0.0,0.0,0.0,VM000,,1970-01-16 22:59:54.880
496,0,0.0,0.0,0.0,0.0,0.0,0.0,0.0,0.0,0.0,VM000,,1970-01-16 22:59:55.136
497,0,0.0,0.0,0.0,0.0,0.0,0.0,0.0,0.0,0.0,VM000,,1970-01-16 22:59:55.136
498,0,0.0,0.0,0.0,0.0,0.0,0.0,0.0,0.0,0.0,VM000,,1970-01-16 22:59:55.520
499,0,0.0,0.0,0.0,0.0,0.0,0.0,0.0,0.0,0.0,VM000,,1970-01-16 22:59:55.520
500,0,0.0,0.0,0.0,0.0,0.0,0.0,0.0,0.0,0.0,VM000,,1970-01-16 22:59:55.776
501,0,0.0,0.0,0.0,0.0,0.0,0.0,0.0,0.0,0.0,VM000,,1970-01-16 22:59:55.776
502,0,0.0,0.0,0.0,0.0,0.0,0.0,0.0,0.0,0.0,VM000,,1970-01-16 22:59:56.032
503,0,0.0,0.0,0.0,0.0,0.0,0.0,0.0,0.0,0.0,VM000,,1970-01-16 22:59:56.032
504,0,0.0,0.0,0.0,0.0,0.0,0.0,0.0,0.0,0.0,VM000,,1970-01-16 22:59:56.416
505,0,0.0,0.0,0.0,0.0,0.0,0.0,0.0,0.0,0.0,VM000,,1970-01-16 22:59:56.416
506,0,0.0,0.0,0.0,0.0,0.0,0.0,0.0,0.0,0.0,VM000,,1970-01-16 22:59:56.672
507,0,0.0,0.0,0.0,0.0,0.0,0.0,0.0,0.0,0.0,VM000,,1970-01-16 22:59:56.672
508,0,0.0,0.0,0.0,0.0,0.0,0.0,0.0,0.0,0.0,VM000,,1970-01-16 22:59:56.928
509,0,0.0,0.0,0.0,0.0,0.0,0.0,0.0,0.0,0.0,VM000,,1970-01-16 22:59:56.928
510,0,0.0,0.0,0.0,0.0,0.0,0.0,0.0,0.0,0.0,VM000,,1970-01-16 22:59:57.312
511,0,0.0,0.0,0.0,0.0,0.0,0.0,0.0,0.0,0.0,VM000,,1970-01-16 22:59:57.312
512,0,0.0,0.0,0.0,0.0,0.0,0.0,0.0,0.0,0.0,VM000,,1970-01-16 22:59:57.568
513,0,0.0,0.0,0.0,0.0,0.0,0.0,0.0,0.0,0.0,VM000,,1970-01-16 22:59:57.568
514,0,0.0,0.0,0.0,0.0,0.0,0.0,0.0,0.0,0.0,VM000,,1970-01-16 22:59:57.824
515,0,0.0,0.0,0.0,0.0,0.0,0.0,0.0,0.0,0.0,VM000,,1970-01-16 22:59:57.952
516,0,0.0,0.0,0.0,0.0,0.0,0.0,0.0,0.0,0.0,VM000,,1970-01-16 22:59:58.208
517,0,0.0,0.0,0.0,0.0,0.0,0.0,0.0,0.0,0.0,VM000,,1970-01-16 22:59:58.208
518,0,0.0,0.0,0.0,0.0,0.0,0.0,0.0,0.0,0.0,VM000,,1970-01-16 22:59:58.464
519,0,0.0,0.0,0.0,0.0,0.0,0.0,0.0,0.0,0.0,VM000,,1970-01-16 22:59:58.464
520,0,0.0,0.0,0.0,0.0,0.0,0.0,0.0,0.0,0.0,VM000,,1970-01-16 22:59:58.720
521,0,0.0,0.0,0.0,0.0,0.0,0.0,0.0,0.0,0.0,VM000,,1970-01-16 22:59:58.848
522,0,0.0,0.0,0.0,0.0,0.0,0.0,0.0,0.0,0.0,VM000,,1970-01-16 22:59:59.104
523,0,0.0,0.0,0.0,0.0,0.0,0.0,0.0,0.0,0.0,VM000,,1970-01-16 22:59:59.104
524,0,0.0,0.0,0.0,0.0,0.0,0.0,0.0,0.0,0.0,VM000,,1970-01-16 22:59:59.360
525,0,0.0,0.0,0.0,0.0,0.0,0.0,0.0,0.0,0.0,VM000,,1970-01-16 22:59:59.360
526,0,0.0,0.0,0.0,0.0,0.0,0.0,0.0,0.0,0.0,VM000,,1970-01-16 22:59:59.744
527,0,0.0,0.0,0.0,0.0,0.0,0.0,0.0,0.0,0.0,VM000,,1970-01-16 22:59:59.744
528,0,0.0,0.0,0.0,0.0,0.0,0.0,0.0,0.0,0.0,VM000,,1970-01-16 23:00:00.000
529,0,0.0,0.0,0.0,0.0,0.0,0.0,0.0,0.0,0.0,VM000,,1970-01-16 23:00:00.000
530,0,0.0,0.0,0.0,0.0,0.0,0.0,0.0,0.0,0.0,VM000,,1970-01-16 23:00:00.256
531,0,0.0,0.0,0.0,0.0,0.0,0.0,0.0,0.0,0.0,VM000,,1970-01-16 23:00:00.256
532,0,0.0,0.0,0.0,0.0,0.0,0.0,0.0,0.0,0.0,VM000,,1970-01-16 23:00:00.640
533,0,0.0,0.0,0.0,0.0,0.0,0.0,0.0,0.0,0.0,VM000,,1970-01-16 23:00:00.640
534,0,0.0,0.0,0.0,0.0,0.0,0.0,0.0,0.0,0.0,VM000,,1970-01-16 23:00:00.896
535,0,0.0,0.0,0.0,0.0,0.0,0.0,0.0,0.0,0.0,VM000,,1970-01-16 23:00:00.896
536,0,0.0,0.0,0.0,0.0,0.0,0.0,0.0,0.0,0.0,VM000,,1970-01-16 23:00:01.152
537,0,0.0,0.0,0.0,0.0,0.0,0.0,0.0,0.0,0.0,VM000,,1970-01-16 23:00:01.152
538,0,0.0,0.0,0.0,0.0,0.0,0.0,0.0,0.0,0.0,VM000,,1970-01-16 23:00:01.536
539,0,0.0,0.0,0.0,0.0,0.0,0.0,0.0,0.0,0.0,VM000,,1970-01-16 23:00:01.536
540,0,0.0,0.0,0.0,0.0,0.0,0.0,0.0,0.0,0.0,VM000,,1970-01-16 23:00:01.792
541,0,0.0,0.0,0.0,0.0,0.0,0.0,0.0,0.0,0.0,VM000,,1970-01-16 23:00:01.792
542,0,0.0,0.0,0.0,0.0,0.0,0.0,0.0,0.0,0.0,VM000,,1970-01-16 23:00:02.048
543,0,0.0,0.0,0.0,0.0,0.0,0.0,0.0,0.0,0.0,VM000,,1970-01-16 23:00:02.048
544,0,0.0,0.0,0.0,0.0,0.0,0.0,0.0,0.0,0.0,VM000,,1970-01-16 23:00:02.432
545,0,0.0,0.0,0.0,0.0,0.0,0.0,0.0,0.0,0.0,VM000,,1970-01-16 23:00:02.432
546,0,0.0,0.0,0.0,0.0,0.0,0.0,0.0,0.0,0.0,VM000,,1970-01-16 23:00:02.688
547,0,0.0,0.0,0.0,0.0,0.0,0.0,0.0,0.0,0.0,VM000,,1970-01-16 23:00:02.688
548,0,0.0,0.0,0.0,0.0,0.0,0.0,0.0,0.0,0.0,VM000,,1970-01-16 23:00:02.944
549,0,0.0,0.0,0.0,0.0,0.0,0.0,0.0,0.0,0.0,VM000,,1970-01-16 23:00:02.944
550,0,0.0,0.0,0.0,0.0,0.0,0.0,0.0,0.0,0.0,VM000,,1970-01-16 23:00:03.328
551,0,0.0,0.0,0.0,0.0,0.0,0.0,0.0,0.0,0.0,VM000,,1970-01-16 23:00:03.328
552,0,0.0,0.0,0.0,0.0,0.0,0.0,0.0,0.0,0.0,VM000,,1970-01-16 23:00:03.584
553,0,0.0,0.0,0.0,0.0,0.0,0.0,0.0,0.0,0.0,VM000,,1970-01-16 23:00:03.584
554,0,0.0,0.0,0.0,0.0,0.0,0.0,0.0,0.0,0.0,VM000,,1970-01-16 23:00:03.840
555,0,0.0,0.0,0.0,0.0,0.0,0.0,0.0,0.0,0.0,VM000,,1970-01-16 23:00:03.840
556,0,0.0,0.0,0.0,0.0,0.0,0.0,0.0,0.0,0.0,VM000,,1970-01-16 23:00:04.224
557,0,0.0,0.0,0.0,0.0,0.0,0.0,0.0,0.0,0.0,VM000,,1970-01-16 23:00:04.224
558,0,0.0,0.0,0.0,0.0,0.0,0.0,0.0,0.0,0.0,VM000,,1970-01-16 23:00:04.480
559,0,0.0,0.0,0.0,0.0,0.0,0.0,0.0,0.0,0.0,VM000,,1970-01-16 23:00:04.480
560,0,0.0,0.0,0.0,0.0,0.0,0.0,0.0,0.0,0.0,VM000,,1970-01-16 23:00:04.736
561,0,0.0,0.0,0.0,0.0,0.0,0.0,0.0,0.0,0.0,VM000,,1970-01-16 23:00:04.736
562,0,0.0,0.0,0.0,0.0,0.0,0.0,0.0,0.0,0.0,VM000,,1970-01-16 23:00:05.120
563,0,0.0,0.0,0.0,0.0,0.0,0.0,0.0,0.0,0.0,VM000,,1970-01-16 23:00:05.120
564,0,0.0,0.0,0.0,0.0,0.0,0.0,0.0,0.0,0.0,VM000,,1970-01-16 23:00:05.376
565,0,0.0,0.0,0.0,0.0,0.0,0.0,0.0,0.0,0.0,VM000,,1970-01-16 23:00:05.376
566,0,0.0,0.0,0.0,0.0,0.0,0.0,0.0,0.0,0.0,VM000,,1970-01-16 23:00:05.632
567,0,0.0,0.0,0.0,0.0,0.0,0.0,0.0,0.0,0.0,VM000,,1970-01-16 23:00:05.632
568,0,0.0,0.0,0.0,0.0,0.0,0.0,0.0,0.0,0.0,VM000,,1970-01-16 23:00:06.016
569,0,0.0,0.0,0.0,0.0,0.0,0.0,0.0,0.0,0.0,VM000,,1970-01-16 23:00:06.016
570,0,0.0,0.0,0.0,0.0,0.0,0.0,0.0,0.0,0.0,VM000,,1970-01-16 23:00:06.272
571,0,0.0,0.0,0.0,0.0,0.0,0.0,0.0,0.0,0.0,VM000,,1970-01-16 23:00:06.272
572,0,0.0,0.0,0.0,0.0,0.0,0.0,0.0,0.0,0.0,VM000,,1970-01-16 23:00:06.528
573,0,0.0,0.0,0.0,0.0,0.0,0.0,0.0,0.0,0.0,VM000,,1970-01-16 23:00:06.528
574,0,0.0,0.0,0.0,0.0,0.0,0.0,0.0,0.0,0.0,VM000,,1970-01-16 23:00:06.912
575,0,0.0,0.0,0.0,0.0,0.0,0.0,0.0,0.0,0.0,VM000,,1970-01-16 23:00:06.912
576,0,0.0,0.0,0.0,0.0,0.0,0.0,0.0,0.0,0.0,VM000,,1970-01-16 23:00:07.168
577,0,0.0,0.0,0.0,0.0,0.0,0.0,0.0,0.0,0.0,VM000,,1970-01-16 23:00:07.168
578,0,0.0,0.0,0.0,0.0,0.0,0.0,0.0,0.0,0.0,VM000,,1970-01-16 23:00:07.424
579,0,0.0,0.0,0.0,0.0,0.0,0.0,0.0,0.0,0.0,VM000,,1970-01-16 23:00:07.552
580,0,0.0,0.0,0.0,0.0,0.0,0.0,0.0,0.0,0.0,VM000,,1970-01-16 23:00:07.808
581,0,0.0,0.0,0.0,0.0,0.0,0.0,0.0,0.0,0.0,VM000,,1970-01-16 23:00:07.808
582,0,0.0,0.0,0.0,0.0,0.0,0.0,0.0,0.0,0.0,VM000,,1970-01-16 23:00:08.064
583,0,0.0,0.0,0.0,0.0,0.0,0.0,0.0,0.0,0.0,VM000,,1970-01-16 23:00:08.064
584,0,0.0,0.0,0.0,0.0,0.0,0.0,0.0,0.0,0.0,VM000,,1970-01-16 23:00:08.320
585,0,0.0,0.0,0.0,0.0,0.0,0.0,0.0,0.0,0.0,VM000,,1970-01-16 23:00:08.448
586,0,0.0,0.0,0.0,0.0,0.0,0.0,0.0,0.0,0.0,VM000,,1970-01-16 23:00:08.704
587,0,0.0,0.0,0.0,0.0,0.0,0.0,0.0,0.0,0.0,VM000,,1970-01-16 23:00:08.704
588,0,0.0,0.0,0.0,0.0,0.0,0.0,0.0,0.0,0.0,VM000,,1970-01-16 23:00:08.960
589,0,0.0,0.0,0.0,0.0,0.0,0.0,0.0,0.0,0.0,VM000,,1970-01-16 23:00:08.960
590,0,0.0,0.0,0.0,0.0,0.0,0.0,0.0,0.0,0.0,VM000,,1970-01-16 23:00:09.344
591,0,0.0,0.0,0.0,0.0,0.0,0.0,0.0,0.0,0.0,VM000,,1970-01-16 23:00:09.344
592,0,0.0,0.0,0.0,0.0,0.0,0.0,0.0,0.0,0.0,VM000,,1970-01-16 23:00:09.600
593,0,0.0,0.0,0.0,0.0,0.0,0.0,0.0,0.0,0.0,VM000,,1970-01-16 23:00:09.600
594,0,0.0,0.0,0.0,0.0,0.0,0.0,0.0,0.0,0.0,VM000,,1970-01-16 23:00:09.856
595,0,0.0,0.0,0.0,0.0,0.0,0.0,0.0,0.0,0.0,VM000,,1970-01-16 23:00:09.856
596,0,0.0,0.0,0.0,0.0,0.0,0.0,0.0,0.0,0.0,VM000,,1970-01-16 23:00:10.240
597,0,0.0,0.0,0.0,0.0,0.0,0.0,0.0,0.0,0.0,VM000,,1970-01-16 23:00:10.240
598,0,0.0,0.0,0.0,0.0,0.0,0.0,0.0,0.0,0.0,VM000,,1970-01-16 23:00:10.496
599,0,0.0,0.0,0.0,0.0,0.0,0.0,0.0,0.0,0.0,VM000,,1970-01-16 23:00:10.496
600,0,0.0,0.0,0.0,0.0,0.0,0.0,0.0,0.0,0.0,VM000,,1970-01-16 23:00:10.752
601,0,0.0,0.0,0.0,0.0,0.0,0.0,0.0,0.0,0.0,VM000,,1970-01-16 23:00:10.752
602,0,0.0,0.0,0.0,0.0,0.0,0.0,0.0,0.0,0.0,VM000,,1970-01-16 23:00:11.136
603,0,0.0,0.0,0.0,0.0,0.0,0.0,0.0,0.0,0.0,VM000,,1970-01-16 23:00:11.136
604,0,0.0,0.0,0.0,0.0,0.0,0.0,0.0,0.0,0.0,VM000,,1970-01-16 23:00:11.392
605,0,0.0,0.0,0.0,0.0,0.0,0.0,0.0,0.0,0.0,VM000,,1970-01-16 23:00:11.392
606,0,0.0,0.0,0.0,0.0,0.0,0.0,0.0,0.0,0.0,VM000,,1970-01-16 23:00:11.648
607,0,0.0,0.0,0.0,0.0,0.0,0.0,0.0,0.0,0.0,VM000,,1970-01-16 23:00:11.648
608,0,0.0,0.0,0.0,0.0,0.0,0.0,0.0,0.0,0.0,VM000,,1970-01-16 23:00:12.032
609,0,0.0,0.0,0.0,0.0,0.0,0.0,0.0,0.0,0.0,VM000,,1970-01-16 23:00:12.032
610,0,0.0,0.0,0.0,0.0,0.0,0.0,0.0,0.0,0.0,VM000,,1970-01-16 23:00:12.288
611,0,0.0,0.0,0.0,0.0,0.0,0.0,0.0,0.0,0.0,VM000,,1970-01-16 23:00:12.288
612,0,0.0,0.0,0.0,0.0,0.0,0.0,0.0,0.0,0.0,VM000,,1970-01-16 23:00:12.544
613,0,0.0,0.0,0.0,0.0,0.0,0.0,0.0,0.0,0.0,VM000,,1970-01-16 23:00:12.544
614,0,0.0,0.0,0.0,0.0,0.0,0.0,0.0,0.0,0.0,VM000,,1970-01-16 23:00:12.928
615,0,0.0,0.0,0.0,0.0,0.0,0.0,0.0,0.0,0.0,VM000,,1970-01-16 23:00:12.928
616,0,0.0,0.0,0.0,0.0,0.0,0.0,0.0,0.0,0.0,VM000,,1970-01-16 23:00:13.184
617,0,0.0,0.0,0.0,0.0,0.0,0.0,0.0,0.0,0.0,VM000,,1970-01-16 23:00:13.184
618,0,0.0,0.0,0.0,0.0,0.0,0.0,0.0,0.0,0.0,VM000,,1970-01-16 23:00:13.440
619,0,0.0,0.0,0.0,0.0,0.0,0.0,0.0,0.0,0.0,VM000,,1970-01-16 23:00:13.440
620,0,0.0,0.0,0.0,0.0,0.0,0.0,0.0,0.0,0.0,VM000,,1970-01-16 23:00:13.824
621,0,0.0,0.0,0.0,0.0,0.0,0.0,0.0,0.0,0.0,VM000,,1970-01-16 23:00:13.824
622,0,0.0,0.0,0.0,0.0,0.0,0.0,0.0,0.0,0.0,VM000,,1970-01-16 23:00:14.080
623,0,0.0,0.0,0.0,0.0,0.0,0.0,0.0,0.0,0.0,VM000,,1970-01-16 23:00:14.080
624,0,0.0,0.0,0.0,0.0,0.0,0.0,0.0,0.0,0.0,VM000,,1970-01-16 23:00:14.336
625,0,0.0,0.0,0.0,0.0,0.0,0.0,0.0,0.0,0.0,VM000,,1970-01-16 23:00:14.336
626,0,0.0,0.0,0.0,0.0,0.0,0.0,0.0,0.0,0.0,VM000,,1970-01-16 23:00:14.720
627,0,0.0,0.0,0.0,0.0,0.0,0.0,0.0,0.0,0.0,VM000,,1970-01-16 23:00:14.720
628,0,0.0,0.0,0.0,0.0,0.0,0.0,0.0,0.0,0.0,VM000,,1970-01-16 23:00:14.976
629,0,0.0,0.0,0.0,0.0,0.0,0.0,0.0,0.0,0.0,VM000,,1970-01-16 23:00:14.976
630,0,0.0,0.0,0.0,0.0,0.0,0.0,0.0,0.0,0.0,VM000,,1970-01-16 23:00:15.232
631,0,0.0,0.0,0.0,0.0,0.0,0.0,0.0,0.0,0.0,VM000,,1970-01-16 23:00:15.232
632,0,0.0,0.0,0.0,0.0,0.0,0.0,0.0,0.0,0.0,VM000,,1970-01-16 23:00:15.616
633,0,0.0,0.0,0.0,0.0,0.0,0.0,0.0,0.0,0.0,VM000,,1970-01-16 23:00:15.616
634,0,0.0,0.0,0.0,0.0,0.0,0.0,0.0,0.0,0.0,VM000,,1970-01-16 23:00:15.872
635,0,0.0,0.0,0.0,0.0,0.0,0.0,0.0,0.0,0.0,VM000,,1970-01-16 23:00:15.872
636,0,0.0,0.0,0.0,0.0,0.0,0.0,0.0,0.0,0.0,VM000,,1970-01-16 23:00:16.128
637,0,0.0,0.0,0.0,0.0,0.0,0.0,0.0,0.0,0.0,VM000,,1970-01-16 23:00:16.128
638,0,0.0,0.0,0.0,0.0,0.0,0.0,0.0,0.0,0.0,VM000,,1970-01-16 23:00:16.512
639,0,0.0,0.0,0.0,0.0,0.0,0.0,0.0,0.0,0.0,VM000,,1970-01-16 23:00:16.512
640,0,0.0,0.0,0.0,0.0,0.0,0.0,0.0,0.0,0.0,VM000,,1970-01-16 23:00:16.768
641,0,0.0,0.0,0.0,0.0,0.0,0.0,0.0,0.0,0.0,VM000,,1970-01-16 23:00:16.768
642,0,0.0,0.0,0.0,0.0,0.0,0.0,0.0,0.0,0.0,VM000,,1970-01-16 23:00:17.024
643,0,0.0,0.0,0.0,0.0,0.0,0.0,0.0,0.0,0.0,VM000,,1970-01-16 23:00:17.152
644,0,0.0,0.0,0.0,0.0,0.0,0.0,0.0,0.0,0.0,VM000,,1970-01-16 23:00:17.408
645,0,0.0,0.0,0.0,0.0,0.0,0.0,0.0,0.0,0.0,VM000,,1970-01-16 23:00:17.408
646,0,0.0,0.0,0.0,0.0,0.0,0.0,0.0,0.0,0.0,VM000,,1970-01-16 23:00:17.664
647,0,0.0,0.0,0.0,0.0,0.0,0.0,0.0,0.0,0.0,VM000,,1970-01-16 23:00:17.664
648,0,0.0,0.0,0.0,0.0,0.0,0.0,0.0,0.0,0.0,VM000,,1970-01-16 23:00:17.920
649,0,0.0,0.0,0.0,0.0,0.0,0.0,0.0,0.0,0.0,VM000,,1970-01-16 23:00:18.048
650,0,0.0,0.0,0.0,0.0,0.0,0.0,0.0,0.0,0.0,VM000,,1970-01-16 23:00:18.304
651,0,0.0,0.0,0.0,0.0,0.0,0.0,0.0,0.0,0.0,VM000,,1970-01-16 23:00:18.304
652,0,0.0,0.0,0.0,0.0,0.0,0.0,0.0,0.0,0.0,VM000,,1970-01-16 23:00:18.560
653,0,0.0,0.0,0.0,0.0,0.0,0.0,0.0,0.0,0.0,VM000,,1970-01-16 23:00:18.560
654,0,0.0,0.0,0.0,0.0,0.0,0.0,0.0,0.0,0.0,VM000,,1970-01-16 23:00:18.944
655,0,0.0,0.0,0.0,0.0,0.0,0.0,0.0,0.0,0.0,VM000,,1970-01-16 23:00:18.944
656,0,0.0,0.0,0.0,0.0,0.0,0.0,0.0,0.0,0.0,VM000,,1970-01-16 23:00:19.200
657,0,0.0,0.0,0.0,0.0,0.0,0.0,0.0,0.0,0.0,VM000,,1970-01-16 23:00:19.200
658,0,0.0,0.0,0.0,0.0,0.0,0.0,0.0,0.0,0.0,VM000,,1970-01-16 23:00:19.456
659,0,0.0,0.0,0.0,0.0,0.0,0.0,0.0,0.0,0.0,VM000,,1970-01-16 23:00:19.456
660,0,0.0,0.0,0.0,0.0,0.0,0.0,0.0,0.0,0.0,VM000,,1970-01-16 23:00:19.840
661,0,0.0,0.0,0.0,0.0,0.0,0.0,0.0,0.0,0.0,VM000,,1970-01-16 23:00:19.840
662,0,0.0,0.0,0.0,0.0,0.0,0.0,0.0,0.0,0.0,VM000,,1970-01-16 23:00:20.096
663,0,0.0,0.0,0.0,0.0,0.0,0.0,0.0,0.0,0.0,VM000,,1970-01-16 23:00:20.096
664,0,0.0,0.0,0.0,0.0,0.0,0.0,0.0,0.0,0.0,VM000,,1970-01-16 23:00:20.352
665,0,0.0,0.0,0.0,0.0,0.0,0.0,0.0,0.0,0.0,VM000,,1970-01-16 23:00:20.352
666,0,0.0,0.0,0.0,0.0,0.0,0.0,0.0,0.0,0.0,VM000,,1970-01-16 23:00:20.736
667,0,0.0,0.0,0.0,0.0,0.0,0.0,0.0,0.0,0.0,VM000,,1970-01-16 23:00:20.736
668,0,0.0,0.0,0.0,0.0,0.0,0.0,0.0,0.0,0.0,VM000,,1970-01-16 23:00:20.992
669,0,0.0,0.0,0.0,0.0,0.0,0.0,0.0,0.0,0.0,VM000,,1970-01-16 23:00:20.992
670,0,0.0,0.0,0.0,0.0,0.0,0.0,0.0,0.0,0.0,VM000,,1970-01-16 23:00:21.248
671,0,0.0,0.0,0.0,0.0,0.0,0.0,0.0,0.0,0.0,VM000,,1970-01-16 23:00:21.248
672,0,0.0,0.0,0.0,0.0,0.0,0.0,0.0,0.0,0.0,VM000,,1970-01-16 23:00:21.632
673,0,0.0,0.0,0.0,0.0,0.0,0.0,0.0,0.0,0.0,VM000,,1970-01-16 23:00:21.632
674,0,0.0,0.0,0.0,0.0,0.0,0.0,0.0,0.0,0.0,VM000,,1970-01-16 23:00:21.888
675,0,0.0,0.0,0.0,0.0,0.0,0.0,0.0,0.0,0.0,VM000,,1970-01-16 23:00:21.888
676,0,0.0,0.0,0.0,0.0,0.0,0.0,0.0,0.0,0.0,VM000,,1970-01-16 23:00:22.144
677,0,0.0,0.0,0.0,0.0,0.0,0.0,0.0,0.0,0.0,VM000,,1970-01-16 23:00:22.144
678,0,0.0,0.0,0.0,0.0,0.0,0.0,0.0,0.0,0.0,VM000,,1970-01-16 23:00:22.528
679,0,0.0,0.0,0.0,0.0,0.0,0.0,0.0,0.0,0.0,VM000,,1970-01-16 23:00:22.528
680,0,0.0,0.0,0.0,0.0,0.0,0.0,0.0,0.0,0.0,VM000,,1970-01-16 23:00:22.784
681,0,0.0,0.0,0.0,0.0,0.0,0.0,0.0,0.0,0.0,VM000,,1970-01-16 23:00:22.784
682,0,0.0,0.0,0.0,0.0,0.0,0.0,0.0,0.0,0.0,VM000,,1970-01-16 23:00:23.040
683,0,0.0,0.0,0.0,0.0,0.0,0.0,0.0,0.0,0.0,VM000,,1970-01-16 23:00:23.040
684,0,0.0,0.0,0.0,0.0,0.0,0.0,0.0,0.0,0.0,VM000,,1970-01-16 23:00:23.424
685,0,0.0,0.0,0.0,0.0,0.0,0.0,0.0,0.0,0.0,VM000,,1970-01-16 23:00:23.424
686,0,0.0,0.0,0.0,0.0,0.0,0.0,0.0,0.0,0.0,VM000,,1970-01-16 23:00:23.680
687,0,0.0,0.0,0.0,0.0,0.0,0.0,0.0,0.0,0.0,VM000,,1970-01-16 23:00:23.680
688,0,0.0,0.0,0.0,0.0,0.0,0.0,0.0,0.0,0.0,VM000,,1970-01-16 23:00:23.936
689,0,0.0,0.0,0.0,0.0,0.0,0.0,0.0,0.0,0.0,VM000,,1970-01-16 23:00:23.936
690,0,0.0,0.0,0.0,0.0,0.0,0.0,0.0,0.0,0.0,VM000,,1970-01-16 23:00:24.320
691,0,0.0,0.0,0.0,0.0,0.0,0.0,0.0,0.0,0.0,VM000,,1970-01-16 23:00:24.320
692,0,0.0,0.0,0.0,0.0,0.0,0.0,0.0,0.0,0.0,VM000,,1970-01-16 23:00:24.576
693,0,0.0,0.0,0.0,0.0,0.0,0.0,0.0,0.0,0.0,VM000,,1970-01-16 23:00:24.576
694,0,0.0,0.0,0.0,0.0,0.0,0.0,0.0,0.0,0.0,VM000,,1970-01-16 23:00:24.832
695,0,0.0,0.0,0.0,0.0,0.0,0.0,0.0,0.0,0.0,VM000,,1970-01-16 23:00:24.832
696,0,0.0,0.0,0.0,0.0,0.0,0.0,0.0,0.0,0.0,VM000,,1970-01-16 23:00:25.216
697,0,0.0,0.0,0.0,0.0,0.0,0.0,0.0,0.0,0.0,VM000,,1970-01-16 23:00:25.216
698,0,0.0,0.0,0.0,0.0,0.0,0.0,0.0,0.0,0.0,VM000,,1970-01-16 23:00:25.472
699,0,0.0,0.0,0.0,0.0,0.0,0.0,0.0,0.0,0.0,VM000,,1970-01-16 23:00:25.472
700,0,0.0,0.0,0.0,0.0,0.0,0.0,0.0,0.0,0.0,VM000,,1970-01-16 23:00:25.728
701,0,0.0,0.0,0.0,0.0,0.0,0.0,0.0,0.0,0.0,VM000,,1970-01-16 23:00:25.728
702,0,0.0,0.0,0.0,0.0,0.0,0.0,0.0,0.0,0.0,VM000,,1970-01-16 23:00:26.112
703,0,0.0,0.0,0.0,0.0,0.0,0.0,0.0,0.0,0.0,VM000,,1970-01-16 23:00:26.112
704,0,0.0,0.0,0.0,0.0,0.0,0.0,0.0,0.0,0.0,VM000,,1970-01-16 23:00:26.368
705,0,0.0,0.0,0.0,0.0,0.0,0.0,0.0,0.0,0.0,VM000,,1970-01-16 23:00:26.368
706,0,0.0,0.0,0.0,0.0,0.0,0.0,0.0,0.0,0.0,VM000,,1970-01-16 23:00:26.624
707,0,0.0,0.0,0.0,0.0,0.0,0.0,0.0,0.0,0.0,VM000,,1970-01-16 23:00:26.752
708,0,0.0,0.0,0.0,0.0,0.0,0.0,0.0,0.0,0.0,VM000,,1970-01-16 23:00:27.008
709,0,0.0,0.0,0.0,0.0,0.0,0.0,0.0,0.0,0.0,VM000,,1970-01-16 23:00:27.008
710,0,0.0,0.0,0.0,0.0,0.0,0.0,0.0,0.0,0.0,VM000,,1970-01-16 23:00:27.264
711,0,0.0,0.0,0.0,0.0,0.0,0.0,0.0,0.0,0.0,VM000,,1970-01-16 23:00:27.264
712,0,0.0,0.0,0.0,0.0,0.0,0.0,0.0,0.0,0.0,VM000,,1970-01-16 23:00:27.520
713,0,0.0,0.0,0.0,0.0,0.0,0.0,0.0,0.0,0.0,VM000,,1970-01-16 23:00:27.648
714,0,0.0,0.0,0.0,0.0,0.0,0.0,0.0,0.0,0.0,VM000,,1970-01-16 23:00:27.904
715,0,0.0,0.0,0.0,0.0,0.0,0.0,0.0,0.0,0.0,VM000,,1970-01-16 23:00:27.904
716,0,0.0,0.0,0.0,0.0,0.0,0.0,0.0,0.0,0.0,VM000,,1970-01-16 23:00:28.160
717,0,0.0,0.0,0.0,0.0,0.0,0.0,0.0,0.0,0.0,VM000,,1970-01-16 23:00:28.160
718,0,0.0,0.0,0.0,0.0,0.0,0.0,0.0,0.0,0.0,VM000,,1970-01-16 23:00:28.544
719,0,0.0,0.0,0.0,0.0,0.0,0.0,0.0,0.0,0.0,VM000,,1970-01-16 23:00:28.544
720,0,0.0,0.0,0.0,0.0,0.0,0.0,0.0,0.0,0.0,VM000,,1970-01-16 23:00:28.800
721,0,0.0,0.0,0.0,0.0,0.0,0.0,0.0,0.0,0.0,VM000,,1970-01-16 23:00:28.800
722,0,0.0,0.0,0.0,0.0,0.0,0.0,0.0,0.0,0.0,VM000,,1970-01-16 23:00:29.056
723,0,0.0,0.0,0.0,0.0,0.0,0.0,0.0,0.0,0.0,VM000,,1970-01-16 23:00:29.056
724,0,0.0,0.0,0.0,0.0,0.0,0.0,0.0,0.0,0.0,VM000,,1970-01-16 23:00:29.440
725,0,0.0,0.0,0.0,0.0,0.0,0.0,0.0,0.0,0.0,VM000,,1970-01-16 23:00:29.440
726,0,0.0,0.0,0.0,0.0,0.0,0.0,0.0,0.0,0.0,VM000,,1970-01-16 23:00:29.696
727,0,0.0,0.0,0.0,0.0,0.0,0.0,0.0,0.0,0.0,VM000,,1970-01-16 23:00:29.696
728,0,0.0,0.0,0.0,0.0,0.0,0.0,0.0,0.0,0.0,VM000,,1970-01-16 23:00:29.952
729,0,0.0,0.0,0.0,0.0,0.0,0.0,0.0,0.0,0.0,VM000,,1970-01-16 23:00:29.952
730,0,0.0,0.0,0.0,0.0,0.0,0.0,0.0,0.0,0.0,VM000,,1970-01-16 23:00:30.336
731,0,0.0,0.0,0.0,0.0,0.0,0.0,0.0,0.0,0.0,VM000,,1970-01-16 23:00:30.336
732,0,0.0,0.0,0.0,0.0,0.0,0.0,0.0,0.0,0.0,VM000,,1970-01-16 23:00:30.592
733,0,0.0,0.0,0.0,0.0,0.0,0.0,0.0,0.0,0.0,VM000,,1970-01-16 23:00:30.592
734,0,0.0,0.0,0.0,0.0,0.0,0.0,0.0,0.0,0.0,VM000,,1970-01-16 23:00:30.848
735,0,0.0,0.0,0.0,0.0,0.0,0.0,0.0,0.0,0.0,VM000,,1970-01-16 23:00:30.848
736,0,0.0,0.0,0.0,0.0,0.0,0.0,0.0,0.0,0.0,VM000,,1970-01-16 23:00:31.232
737,0,0.0,0.0,0.0,0.0,0.0,0.0,0.0,0.0,0.0,VM000,,1970-01-16 23:00:31.232
738,0,0.0,0.0,0.0,0.0,0.0,0.0,0.0,0.0,0.0,VM000,,1970-01-16 23:00:31.488
739,0,0.0,0.0,0.0,0.0,0.0,0.0,0.0,0.0,0.0,VM000,,1970-01-16 23:00:31.488
740,0,0.0,0.0,0.0,0.0,0.0,0.0,0.0,0.0,0.0,VM000,,1970-01-16 23:00:31.744
741,0,0.0,0.0,0.0,0.0,0.0,0.0,0.0,0.0,0.0,VM000,,1970-01-16 23:00:31.744
742,0,0.0,0.0,0.0,0.0,0.0,0.0,0.0,0.0,0.0,VM000,,1970-01-16 23:00:32.128
743,0,0.0,0.0,0.0,0.0,0.0,0.0,0.0,0.0,0.0,VM000,,1970-01-16 23:00:32.128
744,0,0.0,0.0,0.0,0.0,0.0,0.0,0.0,0.0,0.0,VM000,,1970-01-16 23:00:32.384
745,0,0.0,0.0,0.0,0.0,0.0,0.0,0.0,0.0,0.0,VM000,,1970-01-16 23:00:32.384
746,0,0.0,0.0,0.0,0.0,0.0,0.0,0.0,0.0,0.0,VM000,,1970-01-16 23:00:32.640
747,0,0.0,0.0,0.0,0.0,0.0,0.0,0.0,0.0,0.0,VM000,,1970-01-16 23:00:32.640
748,0,0.0,0.0,0.0,0.0,0.0,0.0,0.0,0.0,0.0,VM000,,1970-01-16 23:00:33.024
749,0,0.0,0.0,0.0,0.0,0.0,0.0,0.0,0.0,0.0,VM000,,1970-01-16 23:00:33.024
750,0,0.0,0.0,0.0,0.0,0.0,0.0,0.0,0.0,0.0,VM000,,1970-01-16 23:00:33.280
751,0,0.0,0.0,0.0,0.0,0.0,0.0,0.0,0.0,0.0,VM000,,1970-01-16 23:00:33.280
752,0,0.0,0.0,0.0,0.0,0.0,0.0,0.0,0.0,0.0,VM000,,1970-01-16 23:00:33.536
753,0,0.0,0.0,0.0,0.0,0.0,0.0,0.0,0.0,0.0,VM000,,1970-01-16 23:00:33.536
754,0,0.0,0.0,0.0,0.0,0.0,0.0,0.0,0.0,0.0,VM000,,1970-01-16 23:00:33.920
755,0,0.0,0.0,0.0,0.0,0.0,0.0,0.0,0.0,0.0,VM000,,1970-01-16 23:00:33.920
756,0,0.0,0.0,0.0,0.0,0.0,0.0,0.0,0.0,0.0,VM000,,1970-01-16 23:00:34.176
757,0,0.0,0.0,0.0,0.0,0.0,0.0,0.0,0.0,0.0,VM000,,1970-01-16 23:00:34.176
758,0,0.0,0.0,0.0,0.0,0.0,0.0,0.0,0.0,0.0,VM000,,1970-01-16 23:00:34.432
759,0,0.0,0.0,0.0,0.0,0.0,0.0,0.0,0.0,0.0,VM000,,1970-01-16 23:00:34.432
760,0,0.0,0.0,0.0,0.0,0.0,0.0,0.0,0.0,0.0,VM000,,1970-01-16 23:00:34.816
761,0,0.0,0.0,0.0,0.0,0.0,0.0,0.0,0.0,0.0,VM000,,1970-01-16 23:00:34.816
762,0,0.0,0.0,0.0,0.0,0.0,0.0,0.0,0.0,0.0,VM000,,1970-01-16 23:00:35.072
763,0,0.0,0.0,0.0,0.0,0.0,0.0,0.0,0.0,0.0,VM000,,1970-01-16 23:00:35.072
764,0,0.0,0.0,0.0,0.0,0.0,0.0,0.0,0.0,0.0,VM000,,1970-01-16 23:00:35.328
765,0,0.0,0.0,0.0,0.0,0.0,0.0,0.0,0.0,0.0,VM000,,1970-01-16 23:00:35.456
766,0,0.0,0.0,0.0,0.0,0.0,0.0,0.0,0.0,0.0,VM000,,1970-01-16 23:00:35.712
767,0,0.0,0.0,0.0,0.0,0.0,0.0,0.0,0.0,0.0,VM000,,1970-01-16 23:00:35.712
768,0,0.0,0.0,0.0,0.0,0.0,0.0,0.0,0.0,0.0,VM000,,1970-01-16 23:00:35.968
769,0,0.0,0.0,0.0,0.0,0.0,0.0,0.0,0.0,0.0,VM000,,1970-01-16 23:00:35.968
770,0,0.0,0.0,0.0,0.0,0.0,0.0,0.0,0.0,0.0,VM000,,1970-01-16 23:00:36.224
771,0,0.0,0.0,0.0,0.0,0.0,0.0,0.0,0.0,0.0,VM000,,1970-01-16 23:00:36.352
772,0,0.0,0.0,0.0,0.0,0.0,0.0,0.0,0.0,0.0,VM000,,1970-01-16 23:00:36.608
773,0,0.0,0.0,0.0,0.0,0.0,0.0,0.0,0.0,0.0,VM000,,1970-01-16 23:00:36.608
774,0,0.0,0.0,0.0,0.0,0.0,0.0,0.0,0.0,0.0,VM000,,1970-01-16 23:00:36.864
775,0,0.0,0.0,0.0,0.0,0.0,0.0,0.0,0.0,0.0,VM000,,1970-01-16 23:00:36.864
776,0,0.0,0.0,0.0,0.0,0.0,0.0,0.0,0.0,0.0,VM000,,1970-01-16 23:00:37.120
777,0,0.0,0.0,0.0,0.0,0.0,0.0,0.0,0.0,0.0,VM000,,1970-01-16 23:00:37.248
778,0,0.0,0.0,0.0,0.0,0.0,0.0,0.0,0.0,0.0,VM000,,1970-01-16 23:00:37.504
779,0,0.0,0.0,0.0,0.0,0.0,0.0,0.0,0.0,0.0,VM000,,1970-01-16 23:00:37.504
780,0,0.0,0.0,0.0,0.0,0.0,0.0,0.0,0.0,0.0,VM000,,1970-01-16 23:00:37.760
781,0,0.0,0.0,0.0,0.0,0.0,0.0,0.0,0.0,0.0,VM000,,1970-01-16 23:00:37.760
782,0,0.0,0.0,0.0,0.0,0.0,0.0,0.0,0.0,0.0,VM000,,1970-01-16 23:00:38.144
783,0,0.0,0.0,0.0,0.0,0.0,0.0,0.0,0.0,0.0,VM000,,1970-01-16 23:00:38.144
784,0,0.0,0.0,0.0,0.0,0.0,0.0,0.0,0.0,0.0,VM000,,1970-01-16 23:00:38.400
785,0,0.0,0.0,0.0,0.0,0.0,0.0,0.0,0.0,0.0,VM000,,1970-01-16 23:00:38.400
786,0,0.0,0.0,0.0,0.0,0.0,0.0,0.0,0.0,0.0,VM000,,1970-01-16 23:00:38.656
787,0,0.0,0.0,0.0,0.0,0.0,0.0,0.0,0.0,0.0,VM000,,1970-01-16 23:00:38.656
788,0,0.0,0.0,0.0,0.0,0.0,0.0,0.0,0.0,0.0,VM000,,1970-01-16 23:00:39.040
789,0,0.0,0.0,0.0,0.0,0.0,0.0,0.0,0.0,0.0,VM000,,1970-01-16 23:00:39.040
790,0,0.0,0.0,0.0,0.0,0.0,0.0,0.0,0.0,0.0,VM000,,1970-01-16 23:00:39.296
791,0,0.0,0.0,0.0,0.0,0.0,0.0,0.0,0.0,0.0,VM000,,1970-01-16 23:00:39.296
792,0,0.0,0.0,0.0,0.0,0.0,0.0,0.0,0.0,0.0,VM000,,1970-01-16 23:00:39.552
793,0,0.0,0.0,0.0,0.0,0.0,0.0,0.0,0.0,0.0,VM000,,1970-01-16 23:00:39.552
794,0,0.0,0.0,0.0,0.0,0.0,0.0,0.0,0.0,0.0,VM000,,1970-01-16 23:00:39.936
795,0,0.0,0.0,0.0,0.0,0.0,0.0,0.0,0.0,0.0,VM000,,1970-01-16 23:00:39.936
796,0,0.0,0.0,0.0,0.0,0.0,0.0,0.0,0.0,0.0,VM000,,1970-01-16 23:00:40.192
797,0,0.0,0.0,0.0,0.0,0.0,0.0,0.0,0.0,0.0,VM000,,1970-01-16 23:00:40.192
798,0,0.0,0.0,0.0,0.0,0.0,0.0,0.0,0.0,0.0,VM000,,1970-01-16 23:00:40.448
799,0,0.0,0.0,0.0,0.0,0.0,0.0,0.0,0.0,0.0,VM000,,1970-01-16 23:00:40.448
800,0,0.0,0.0,0.0,0.0,0.0,0.0,0.0,0.0,0.0,VM000,,1970-01-16 23:00:40.832
801,0,0.0,0.0,0.0,0.0,0.0,0.0,0.0,0.0,0.0,VM000,,1970-01-16 23:00:40.832
802,0,0.0,0.0,0.0,0.0,0.0,0.0,0.0,0.0,0.0,VM000,,1970-01-16 23:00:41.088
803,0,0.0,0.0,0.0,0.0,0.0,0.0,0.0,0.0,0.0,VM000,,1970-01-16 23:00:41.088
804,0,0.0,0.0,0.0,0.0,0.0,0.0,0.0,0.0,0.0,VM000,,1970-01-16 23:00:41.344
805,0,0.0,0.0,0.0,0.0,0.0,0.0,0.0,0.0,0.0,VM000,,1970-01-16 23:00:41.344
806,0,0.0,0.0,0.0,0.0,0.0,0.0,0.0,0.0,0.0,VM000,,1970-01-16 23:00:41.728
807,0,0.0,0.0,0.0,0.0,0.0,0.0,0.0,0.0,0.0,VM000,,1970-01-16 23:00:41.728
808,0,0.0,0.0,0.0,0.0,0.0,0.0,0.0,0.0,0.0,VM000,,1970-01-16 23:00:41.984
809,0,0.0,0.0,0.0,0.0,0.0,0.0,0.0,0.0,0.0,VM000,,1970-01-16 23:00:41.984
810,0,0.0,0.0,0.0,0.0,0.0,0.0,0.0,0.0,0.0,VM000,,1970-01-16 23:00:42.240
811,0,0.0,0.0,0.0,0.0,0.0,0.0,0.0,0.0,0.0,VM000,,1970-01-16 23:00:42.240
812,0,0.0,0.0,0.0,0.0,0.0,0.0,0.0,0.0,0.0,VM000,,1970-01-16 23:00:42.624
813,0,0.0,0.0,0.0,0.0,0.0,0.0,0.0,0.0,0.0,VM000,,1970-01-16 23:00:42.624
814,0,0.0,0.0,0.0,0.0,0.0,0.0,0.0,0.0,0.0,VM000,,1970-01-16 23:00:42.880
815,0,0.0,0.0,0.0,0.0,0.0,0.0,0.0,0.0,0.0,VM000,,1970-01-16 23:00:42.880
816,0,0.0,0.0,0.0,0.0,0.0,0.0,0.0,0.0,0.0,VM000,,1970-01-16 23:00:43.136
817,0,0.0,0.0,0.0,0.0,0.0,0.0,0.0,0.0,0.0,VM000,,1970-01-16 23:00:43.136
818,0,0.0,0.0,0.0,0.0,0.0,0.0,0.0,0.0,0.0,VM000,,1970-01-16 23:00:43.520
819,0,0.0,0.0,0.0,0.0,0.0,0.0,0.0,0.0,0.0,VM000,,1970-01-16 23:00:43.520
820,0,0.0,0.0,0.0,0.0,0.0,0.0,0.0,0.0,0.0,VM000,,1970-01-16 23:00:43.776
821,0,0.0,0.0,0.0,0.0,0.0,0.0,0.0,0.0,0.0,VM000,,1970-01-16 23:00:43.776
822,0,0.0,0.0,0.0,0.0,0.0,0.0,0.0,0.0,0.0,VM000,,1970-01-16 23:00:44.032
823,0,0.0,0.0,0.0,0.0,0.0,0.0,0.0,0.0,0.0,VM000,,1970-01-16 23:00:44.032
824,0,0.0,0.0,0.0,0.0,0.0,0.0,0.0,0.0,0.0,VM000,,1970-01-16 23:00:44.416
825,0,0.0,0.0,0.0,0.0,0.0,0.0,0.0,0.0,0.0,VM000,,1970-01-16 23:00:44.416
826,0,0.0,0.0,0.0,0.0,0.0,0.0,0.0,0.0,0.0,VM000,,1970-01-16 23:00:44.672
827,0,0.0,0.0,0.0,0.0,0.0,0.0,0.0,0.0,0.0,VM000,,1970-01-16 23:00:44.672
828,0,0.0,0.0,0.0,0.0,0.0,0.0,0.0,0.0,0.0,VM000,,1970-01-16 23:00:44.928
829,0,0.0,0.0,0.0,0.0,0.0,0.0,0.0,0.0,0.0,VM000,,1970-01-16 23:00:45.056
830,0,0.0,0.0,0.0,0.0,0.0,0.0,0.0,0.0,0.0,VM000,,1970-01-16 23:00:45.312
831,0,0.0,0.0,0.0,0.0,0.0,0.0,0.0,0.0,0.0,VM000,,1970-01-16 23:00:45.312
832,0,0.0,0.0,0.0,0.0,0.0,0.0,0.0,0.0,0.0,VM000,,1970-01-16 23:00:45.568
833,0,0.0,0.0,0.0,0.0,0.0,0.0,0.0,0.0,0.0,VM000,,1970-01-16 23:00:45.568
834,0,0.0,0.0,0.0,0.0,0.0,0.0,0.0,0.0,0.0,VM000,,1970-01-16 23:00:45.824
835,0,0.0,0.0,0.0,0.0,0.0,0.0,0.0,0.0,0.0,VM000,,1970-01-16 23:00:45.952
836,0,0.0,0.0,0.0,0.0,0.0,0.0,0.0,0.0,0.0,VM000,,1970-01-16 23:00:46.208
837,0,0.0,0.0,0.0,0.0,0.0,0.0,0.0,0.0,0.0,VM000,,1970-01-16 23:00:46.208
838,0,0.0,0.0,0.0,0.0,0.0,0.0,0.0,0.0,0.0,VM000,,1970-01-16 23:00:46.464
839,0,0.0,0.0,0.0,0.0,0.0,0.0,0.0,0.0,0.0,VM000,,1970-01-16 23:00:46.464
840,0,0.0,0.0,0.0,0.0,0.0,0.0,0.0,0.0,0.0,VM000,,1970-01-16 23:00:46.720
841,0,0.0,0.0,0.0,0.0,0.0,0.0,0.0,0.0,0.0,VM000,,1970-01-16 23:00:46.848
842,0,0.0,0.0,0.0,0.0,0.0,0.0,0.0,0.0,0.0,VM000,,1970-01-16 23:00:47.104
843,0,0.0,0.0,0.0,0.0,0.0,0.0,0.0,0.0,0.0,VM000,,1970-01-16 23:00:47.104
844,0,0.0,0.0,0.0,0.0,0.0,0.0,0.0,0.0,0.0,VM000,,1970-01-16 23:00:47.360
845,0,0.0,0.0,0.0,0.0,0.0,0.0,0.0,0.0,0.0,VM000,,1970-01-16 23:00:47.360
846,0,0.0,0.0,0.0,0.0,0.0,0.0,0.0,0.0,0.0,VM000,,1970-01-16 23:00:47.744
847,0,0.0,0.0,0.0,0.0,0.0,0.0,0.0,0.0,0.0,VM000,,1970-01-16 23:00:47.744
848,0,0.0,0.0,0.0,0.0,0.0,0.0,0.0,0.0,0.0,VM000,,1970-01-16 23:00:48.000
849,0,0.0,0.0,0.0,0.0,0.0,0.0,0.0,0.0,0.0,VM000,,1970-01-16 23:00:48.000
850,0,0.0,0.0,0.0,0.0,0.0,0.0,0.0,0.0,0.0,VM000,,1970-01-16 23:00:48.256
851,0,0.0,0.0,0.0,0.0,0.0,0.0,0.0,0.0,0.0,VM000,,1970-01-16 23:00:48.256
852,0,0.0,0.0,0.0,0.0,0.0,0.0,0.0,0.0,0.0,VM000,,1970-01-16 23:00:48.640
853,0,0.0,0.0,0.0,0.0,0.0,0.0,0.0,0.0,0.0,VM000,,1970-01-16 23:00:48.640
854,0,0.0,0.0,0.0,0.0,0.0,0.0,0.0,0.0,0.0,VM000,,1970-01-16 23:00:48.896
855,0,0.0,0.0,0.0,0.0,0.0,0.0,0.0,0.0,0.0,VM000,,1970-01-16 23:00:48.896
856,0,0.0,0.0,0.0,0.0,0.0,0.0,0.0,0.0,0.0,VM000,,1970-01-16 23:00:49.152
857,0,0.0,0.0,0.0,0.0,0.0,0.0,0.0,0.0,0.0,VM000,,1970-01-16 23:00:49.152
858,0,0.0,0.0,0.0,0.0,0.0,0.0,0.0,0.0,0.0,VM000,,1970-01-16 23:00:49.536
859,0,0.0,0.0,0.0,0.0,0.0,0.0,0.0,0.0,0.0,VM000,,1970-01-16 23:00:49.536
860,0,0.0,0.0,0.0,0.0,0.0,0.0,0.0,0.0,0.0,VM000,,1970-01-16 23:00:49.792
861,0,0.0,0.0,0.0,0.0,0.0,0.0,0.0,0.0,0.0,VM000,,1970-01-16 23:00:49.792
862,0,0.0,0.0,0.0,0.0,0.0,0.0,0.0,0.0,0.0,VM000,,1970-01-16 23:00:50.048
863,0,0.0,0.0,0.0,0.0,0.0,0.0,0.0,0.0,0.0,VM000,,1970-01-16 23:00:50.048
864,0,0.0,0.0,0.0,0.0,0.0,0.0,0.0,0.0,0.0,VM000,,1970-01-16 23:00:50.432
865,0,0.0,0.0,0.0,0.0,0.0,0.0,0.0,0.0,0.0,VM000,,1970-01-16 23:00:50.432
866,0,0.0,0.0,0.0,0.0,0.0,0.0,0.0,0.0,0.0,VM000,,1970-01-16 23:00:50.688
867,0,0.0,0.0,0.0,0.0,0.0,0.0,0.0,0.0,0.0,VM000,,1970-01-16 23:00:50.688
868,0,0.0,0.0,0.0,0.0,0.0,0.0,0.0,0.0,0.0,VM000,,1970-01-16 23:00:50.944
869,0,0.0,0.0,0.0,0.0,0.0,0.0,0.0,0.0,0.0,VM000,,1970-01-16 23:00:50.944
870,0,0.0,0.0,0.0,0.0,0.0,0.0,0.0,0.0,0.0,VM000,,1970-01-16 23:00:51.328
871,0,0.0,0.0,0.0,0.0,0.0,0.0,0.0,0.0,0.0,VM000,,1970-01-16 23:00:51.328
872,0,0.0,0.0,0.0,0.0,0.0,0.0,0.0,0.0,0.0,VM000,,1970-01-16 23:00:51.584
873,0,0.0,0.0,0.0,0.0,0.0,0.0,0.0,0.0,0.0,VM000,,1970-01-16 23:00:51.584
874,0,0.0,0.0,0.0,0.0,0.0,0.0,0.0,0.0,0.0,VM000,,1970-01-16 23:00:51.840
875,0,0.0,0.0,0.0,0.0,0.0,0.0,0.0,0.0,0.0,VM000,,1970-01-16 23:00:51.840
876,0,0.0,0.0,0.0,0.0,0.0,0.0,0.0,0.0,0.0,VM000,,1970-01-16 23:00:52.224
877,0,0.0,0.0,0.0,0.0,0.0,0.0,0.0,0.0,0.0,VM000,,1970-01-16 23:00:52.224
878,0,0.0,0.0,0.0,0.0,0.0,0.0,0.0,0.0,0.0,VM000,,1970-01-16 23:00:52.480
879,0,0.0,0.0,0.0,0.0,0.0,0.0,0.0,0.0,0.0,VM000,,1970-01-16 23:00:52.480
880,0,0.0,0.0,0.0,0.0,0.0,0.0,0.0,0.0,0.0,VM000,,1970-01-16 23:00:52.736
881,0,0.0,0.0,0.0,0.0,0.0,0.0,0.0,0.0,0.0,VM000,,1970-01-16 23:00:52.736
882,0,0.0,0.0,0.0,0.0,0.0,0.0,0.0,0.0,0.0,VM000,,1970-01-16 23:00:53.120
883,0,0.0,0.0,0.0,0.0,0.0,0.0,0.0,0.0,0.0,VM000,,1970-01-16 23:00:53.120
884,0,0.0,0.0,0.0,0.0,0.0,0.0,0.0,0.0,0.0,VM000,,1970-01-16 23:00:53.376
885,0,0.0,0.0,0.0,0.0,0.0,0.0,0.0,0.0,0.0,VM000,,1970-01-16 23:00:53.376
886,0,0.0,0.0,0.0,0.0,0.0,0.0,0.0,0.0,0.0,VM000,,1970-01-16 23:00:53.632
887,0,0.0,0.0,0.0,0.0,0.0,0.0,0.0,0.0,0.0,VM000,,1970-01-16 23:00:53.632
888,0,0.0,0.0,0.0,0.0,0.0,0.0,0.0,0.0,0.0,VM000,,1970-01-16 23:00:54.016
889,0,0.0,0.0,0.0,0.0,0.0,0.0,0.0,0.0,0.0,VM000,,1970-01-16 23:00:54.016
890,0,0.0,0.0,0.0,0.0,0.0,0.0,0.0,0.0,0.0,VM000,,1970-01-16 23:00:54.272
891,0,0.0,0.0,0.0,0.0,0.0,0.0,0.0,0.0,0.0,VM000,,1970-01-16 23:00:54.272
892,0,0.0,0.0,0.0,0.0,0.0,0.0,0.0,0.0,0.0,VM000,,1970-01-16 23:00:54.528
893,0,0.0,0.0,0.0,0.0,0.0,0.0,0.0,0.0,0.0,VM000,,1970-01-16 23:00:54.656
894,0,0.0,0.0,0.0,0.0,0.0,0.0,0.0,0.0,0.0,VM000,,1970-01-16 23:00:54.912
895,0,0.0,0.0,0.0,0.0,0.0,0.0,0.0,0.0,0.0,VM000,,1970-01-16 23:00:54.912
896,0,0.0,0.0,0.0,0.0,0.0,0.0,0.0,0.0,0.0,VM000,,1970-01-16 23:00:55.168
897,0,0.0,0.0,0.0,0.0,0.0,0.0,0.0,0.0,0.0,VM000,,1970-01-16 23:00:55.168
898,0,0.0,0.0,0.0,0.0,0.0,0.0,0.0,0.0,0.0,VM000,,1970-01-16 23:00:55.424
899,0,0.0,0.0,0.0,0.0,0.0,0.0,0.0,0.0,0.0,VM000,,1970-01-16 23:00:55.552
900,0,0.0,0.0,0.0,0.0,0.0,0.0,0.0,0.0,0.0,VM000,,1970-01-16 23:00:55.808
901,0,0.0,0.0,0.0,0.0,0.0,0.0,0.0,0.0,0.0,VM000,,1970-01-16 23:00:55.808
902,0,0.0,0.0,0.0,0.0,0.0,0.0,0.0,0.0,0.0,VM000,,1970-01-16 23:00:56.064
903,0,0.0,0.0,0.0,0.0,0.0,0.0,0.0,0.0,0.0,VM000,,1970-01-16 23:00:56.064
904,0,0.0,0.0,0.0,0.0,0.0,0.0,0.0,0.0,0.0,VM000,,1970-01-16 23:00:56.320
905,0,0.0,0.0,0.0,0.0,0.0,0.0,0.0,0.0,0.0,VM000,,1970-01-16 23:00:56.448
906,0,0.0,0.0,0.0,0.0,0.0,0.0,0.0,0.0,0.0,VM000,,1970-01-16 23:00:56.704
907,0,0.0,0.0,0.0,0.0,0.0,0.0,0.0,0.0,0.0,VM000,,1970-01-16 23:00:56.704
908,0,0.0,0.0,0.0,0.0,0.0,0.0,0.0,0.0,0.0,VM000,,1970-01-16 23:00:56.960
909,0,0.0,0.0,0.0,0.0,0.0,0.0,0.0,0.0,0.0,VM000,,1970-01-16 23:00:56.960
910,0,0.0,0.0,0.0,0.0,0.0,0.0,0.0,0.0,0.0,VM000,,1970-01-16 23:00:57.344
911,0,0.0,0.0,0.0,0.0,0.0,0.0,0.0,0.0,0.0,VM000,,1970-01-16 23:00:57.344
912,0,0.0,0.0,0.0,0.0,0.0,0.0,0.0,0.0,0.0,VM000,,1970-01-16 23:00:57.600
913,0,0.0,0.0,0.0,0.0,0.0,0.0,0.0,0.0,0.0,VM000,,1970-01-16 23:00:57.600
914,0,0.0,0.0,0.0,0.0,0.0,0.0,0.0,0.0,0.0,VM000,,1970-01-16 23:00:57.856
915,0,0.0,0.0,0.0,0.0,0.0,0.0,0.0,0.0,0.0,VM000,,1970-01-16 23:00:57.856
916,0,0.0,0.0,0.0,0.0,0.0,0.0,0.0,0.0,0.0,VM000,,1970-01-16 23:00:58.240
917,0,0.0,0.0,0.0,0.0,0.0,0.0,0.0,0.0,0.0,VM000,,1970-01-16 23:00:58.240
918,0,0.0,0.0,0.0,0.0,0.0,0.0,0.0,0.0,0.0,VM000,,1970-01-16 23:00:58.496
919,0,0.0,0.0,0.0,0.0,0.0,0.0,0.0,0.0,0.0,VM000,,1970-01-16 23:00:58.496
920,0,0.0,0.0,0.0,0.0,0.0,0.0,0.0,0.0,0.0,VM000,,1970-01-16 23:00:58.752
921,0,0.0,0.0,0.0,0.0,0.0,0.0,0.0,0.0,0.0,VM000,,1970-01-16 23:00:58.752
922,0,0.0,0.0,0.0,0.0,0.0,0.0,0.0,0.0,0.0,VM000,,1970-01-16 23:00:59.136
923,0,0.0,0.0,0.0,0.0,0.0,0.0,0.0,0.0,0.0,VM000,,1970-01-16 23:00:59.136
924,0,0.0,0.0,0.0,0.0,0.0,0.0,0.0,0.0,0.0,VM000,,1970-01-16 23:00:59.392
925,0,0.0,0.0,0.0,0.0,0.0,0.0,0.0,0.0,0.0,VM000,,1970-01-16 23:00:59.392
926,0,0.0,0.0,0.0,0.0,0.0,0.0,0.0,0.0,0.0,VM000,,1970-01-16 23:00:59.648
927,0,0.0,0.0,0.0,0.0,0.0,0.0,0.0,0.0,0.0,VM000,,1970-01-16 23:00:59.648
928,0,0.0,0.0,0.0,0.0,0.0,0.0,0.0,0.0,0.0,VM000,,1970-01-16 23:01:00.032
929,0,0.0,0.0,0.0,0.0,0.0,0.0,0.0,0.0,0.0,VM000,,1970-01-16 23:01:00.032
930,0,0.0,0.0,0.0,0.0,0.0,0.0,0.0,0.0,0.0,VM000,,1970-01-16 23:01:00.288
931,0,0.0,0.0,0.0,0.0,0.0,0.0,0.0,0.0,0.0,VM000,,1970-01-16 23:01:00.288
932,0,0.0,0.0,0.0,0.0,0.0,0.0,0.0,0.0,0.0,VM000,,1970-01-16 23:01:00.544
933,0,0.0,0.0,0.0,0.0,0.0,0.0,0.0,0.0,0.0,VM000,,1970-01-16 23:01:00.544
934,0,0.0,0.0,0.0,0.0,0.0,0.0,0.0,0.0,0.0,VM000,,1970-01-16 23:01:00.928
935,0,0.0,0.0,0.0,0.0,0.0,0.0,0.0,0.0,0.0,VM000,,1970-01-16 23:01:00.928
936,0,0.0,0.0,0.0,0.0,0.0,0.0,0.0,0.0,0.0,VM000,,1970-01-16 23:01:01.184
937,0,0.0,0.0,0.0,0.0,0.0,0.0,0.0,0.0,0.0,VM000,,1970-01-16 23:01:01.184
938,0,0.0,0.0,0.0,0.0,0.0,0.0,0.0,0.0,0.0,VM000,,1970-01-16 23:01:01.440
939,0,0.0,0.0,0.0,0.0,0.0,0.0,0.0,0.0,0.0,VM000,,1970-01-16 23:01:01.440
940,0,0.0,0.0,0.0,0.0,0.0,0.0,0.0,0.0,0.0,VM000,,1970-01-16 23:01:01.824
941,0,0.0,0.0,0.0,0.0,0.0,0.0,0.0,0.0,0.0,VM000,,1970-01-16 23:01:01.824
942,0,0.0,0.0,0.0,0.0,0.0,0.0,0.0,0.0,0.0,VM000,,1970-01-16 23:01:02.080
943,0,0.0,0.0,0.0,0.0,0.0,0.0,0.0,0.0,0.0,VM000,,1970-01-16 23:01:02.080
944,0,0.0,0.0,0.0,0.0,0.0,0.0,0.0,0.0,0.0,VM000,,1970-01-16 23:01:02.336
945,0,0.0,0.0,0.0,0.0,0.0,0.0,0.0,0.0,0.0,VM000,,1970-01-16 23:01:02.336
946,0,0.0,0.0,0.0,0.0,0.0,0.0,0.0,0.0,0.0,VM000,,1970-01-16 23:01:02.720
947,0,0.0,0.0,0.0,0.0,0.0,0.0,0.0,0.0,0.0,VM000,,1970-01-16 23:01:02.720
948,0,0.0,0.0,0.0,0.0,0.0,0.0,0.0,0.0,0.0,VM000,,1970-01-16 23:01:02.976
949,0,0.0,0.0,0.0,0.0,0.0,0.0,0.0,0.0,0.0,VM000,,1970-01-16 23:01:02.976
950,0,0.0,0.0,0.0,0.0,0.0,0.0,0.0,0.0,0.0,VM000,,1970-01-16 23:01:03.232
951,0,0.0,0.0,0.0,0.0,0.0,0.0,0.0,0.0,0.0,VM000,,1970-01-16 23:01:03.232
952,0,0.0,0.0,0.0,0.0,0.0,0.0,0.0,0.0,0.0,VM000,,1970-01-16 23:01:03.616
953,0,0.0,0.0,0.0,0.0,0.0,0.0,0.0,0.0,0.0,VM000,,1970-01-16 23:01:03.616
954,0,0.0,0.0,0.0,0.0,0.0,0.0,0.0,0.0,0.0,VM000,,1970-01-16 23:01:03.872
955,0,0.0,0.0,0.0,0.0,0.0,0.0,0.0,0.0,0.0,VM000,,1970-01-16 23:01:03.872
956,0,0.0,0.0,0.0,0.0,0.0,0.0,0.0,0.0,0.0,VM000,,1970-01-16 23:01:04.128
957,0,0.0,0.0,0.0,0.0,0.0,0.0,0.0,0.0,0.0,VM000,,1970-01-16 23:01:04.256
958,0,0.0,0.0,0.0,0.0,0.0,0.0,0.0,0.0,0.0,VM000,,1970-01-16 23:01:04.512
959,0,0.0,0.0,0.0,0.0,0.0,0.0,0.0,0.0,0.0,VM000,,1970-01-16 23:01:04.512
960,0,0.0,0.0,0.0,0.0,0.0,0.0,0.0,0.0,0.0,VM000,,1970-01-16 23:01:04.768
961,0,0.0,0.0,0.0,0.0,0.0,0.0,0.0,0.0,0.0,VM000,,1970-01-16 23:01:04.768
962,0,0.0,0.0,0.0,0.0,0.0,0.0,0.0,0.0,0.0,VM000,,1970-01-16 23:01:05.024
963,0,0.0,0.0,0.0,0.0,0.0,0.0,0.0,0.0,0.0,VM000,,1970-01-16 23:01:05.152
964,0,0.0,0.0,0.0,0.0,0.0,0.0,0.0,0.0,0.0,VM000,,1970-01-16 23:01:05.408
965,0,0.0,0.0,0.0,0.0,0.0,0.0,0.0,0.0,0.0,VM000,,1970-01-16 23:01:05.408
966,0,0.0,0.0,0.0,0.0,0.0,0.0,0.0,0.0,0.0,VM000,,1970-01-16 23:01:05.664
967,0,0.0,0.0,0.0,0.0,0.0,0.0,0.0,0.0,0.0,VM000,,1970-01-16 23:01:05.664
968,0,0.0,0.0,0.0,0.0,0.0,0.0,0.0,0.0,0.0,VM000,,1970-01-16 23:01:05.920
969,0,0.0,0.0,0.0,0.0,0.0,0.0,0.0,0.0,0.0,VM000,,1970-01-16 23:01:06.048
970,0,0.0,0.0,0.0,0.0,0.0,0.0,0.0,0.0,0.0,VM000,,1970-01-16 23:01:06.304
971,0,0.0,0.0,0.0,0.0,0.0,0.0,0.0,0.0,0.0,VM000,,1970-01-16 23:01:06.304
972,0,0.0,0.0,0.0,0.0,0.0,0.0,0.0,0.0,0.0,VM000,,1970-01-16 23:01:06.560
973,0,0.0,0.0,0.0,0.0,0.0,0.0,0.0,0.0,0.0,VM000,,1970-01-16 23:01:06.560
974,0,0.0,0.0,0.0,0.0,0.0,0.0,0.0,0.0,0.0,VM000,,1970-01-16 23:01:06.944
975,0,0.0,0.0,0.0,0.0,0.0,0.0,0.0,0.0,0.0,VM000,,1970-01-16 23:01:06.944
976,0,0.0,0.0,0.0,0.0,0.0,0.0,0.0,0.0,0.0,VM000,,1970-01-16 23:01:07.200
977,0,0.0,0.0,0.0,0.0,0.0,0.0,0.0,0.0,0.0,VM000,,1970-01-16 23:01:07.200
978,0,0.0,0.0,0.0,0.0,0.0,0.0,0.0,0.0,0.0,VM000,,1970-01-16 23:01:07.456
979,0,0.0,0.0,0.0,0.0,0.0,0.0,0.0,0.0,0.0,VM000,,1970-01-16 23:01:07.456
980,0,0.0,0.0,0.0,0.0,0.0,0.0,0.0,0.0,0.0,VM000,,1970-01-16 23:01:07.840
981,0,0.0,0.0,0.0,0.0,0.0,0.0,0.0,0.0,0.0,VM000,,1970-01-16 23:01:07.840
982,0,0.0,0.0,0.0,0.0,0.0,0.0,0.0,0.0,0.0,VM000,,1970-01-16 23:01:08.096
983,0,0.0,0.0,0.0,0.0,0.0,0.0,0.0,0.0,0.0,VM000,,1970-01-16 23:01:08.096
984,0,0.0,0.0,0.0,0.0,0.0,0.0,0.0,0.0,0.0,VM000,,1970-01-16 23:01:08.352
985,0,0.0,0.0,0.0,0.0,0.0,0.0,0.0,0.0,0.0,VM000,,1970-01-16 23:01:08.352
986,0,0.0,0.0,0.0,0.0,0.0,0.0,0.0,0.0,0.0,VM000,,1970-01-16 23:01:08.736
987,0,0.0,0.0,0.0,0.0,0.0,0.0,0.0,0.0,0.0,VM000,,1970-01-16 23:01:08.736
988,0,0.0,0.0,0.0,0.0,0.0,0.0,0.0,0.0,0.0,VM000,,1970-01-16 23:01:08.992
989,0,0.0,0.0,0.0,0.0,0.0,0.0,0.0,0.0,0.0,VM000,,1970-01-16 23:01:08.992
990,0,0.0,0.0,0.0,0.0,0.0,0.0,0.0,0.0,0.0,VM000,,1970-01-16 23:01:09.248
991,0,0.0,0.0,0.0,0.0,0.0,0.0,0.0,0.0,0.0,VM000,,1970-01-16 23:01:09.248
992,0,0.0,0.0,0.0,0.0,0.0,0.0,0.0,0.0,0.0,VM000,,1970-01-16 23:01:09.632
993,0,0.0,0.0,0.0,0.0,0.0,0.0,0.0,0.0,0.0,VM000,,1970-01-16 23:01:09.632
994,0,0.0,0.0,0.0,0.0,0.0,0.0,0.0,0.0,0.0,VM000,,1970-01-16 23:01:09.888
995,0,0.0,0.0,0.0,0.0,0.0,0.0,0.0,0.0,0.0,VM000,,1970-01-16 23:01:09.888
996,0,0.0,0.0,0.0,0.0,0.0,0.0,0.0,0.0,0.0,VM000,,1970-01-16 23:01:10.144
997,0,0.0,0.0,0.0,0.0,0.0,0.0,0.0,0.0,0.0,VM000,,1970-01-16 23:01:10.144
998,0,0.0,0.0,0.0,0.0,0.0,0.0,0.0,0.0,0.0,VM000,,1970-01-16 23:01:10.528
999,0,0.0,0.0,0.0,0.0,0.0,0.0,0.0,0.0,0.0,VM000,,1970-01-16 23:01:10.528
1000,0,0.0,0.0,0.0,0.0,0.0,0.0,0.0,0.0,0.0,VM000,,1970-01-16 23:01:10.784
1001,0,0.0,0.0,0.0,0.0,0.0,0.0,0.0,0.0,0.0,VM000,,1970-01-16 23:01:10.784
1002,0,0.0,0.0,0.0,0.0,0.0,0.0,0.0,0.0,0.0,VM000,,1970-01-16 23:01:11.040
1003,0,0.0,0.0,0.0,0.0,0.0,0.0,0.0,0.0,0.0,VM000,,1970-01-16 23:01:11.040
1004,0,0.0,0.0,0.0,0.0,0.0,0.0,0.0,0.0,0.0,VM000,,1970-01-16 23:01:11.424
1005,0,0.0,0.0,0.0,0.0,0.0,0.0,0.0,0.0,0.0,VM000,,1970-01-16 23:01:11.424
1006,0,0.0,0.0,0.0,0.0,0.0,0.0,0.0,0.0,0.0,VM000,,1970-01-16 23:01:11.680
1007,0,0.0,0.0,0.0,0.0,0.0,0.0,0.0,0.0,0.0,VM000,,1970-01-16 23:01:11.680
1008,0,0.0,0.0,0.0,0.0,0.0,0.0,0.0,0.0,0.0,VM000,,1970-01-16 23:01:11.936
1009,0,0.0,0.0,0.0,0.0,0.0,0.0,0.0,0.0,0.0,VM000,,1970-01-16 23:01:11.936
1010,0,0.0,0.0,0.0,0.0,0.0,0.0,0.0,0.0,0.0,VM000,,1970-01-16 23:01:12.320
1011,0,0.0,0.0,0.0,0.0,0.0,0.0,0.0,0.0,0.0,VM000,,1970-01-16 23:01:12.320
1012,0,0.0,0.0,0.0,0.0,0.0,0.0,0.0,0.0,0.0,VM000,,1970-01-16 23:01:12.576
1013,0,0.0,0.0,0.0,0.0,0.0,0.0,0.0,0.0,0.0,VM000,,1970-01-16 23:01:12.576
1014,0,0.0,0.0,0.0,0.0,0.0,0.0,0.0,0.0,0.0,VM000,,1970-01-16 23:01:12.832
1015,0,0.0,0.0,0.0,0.0,0.0,0.0,0.0,0.0,0.0,VM000,,1970-01-16 23:01:12.832
1016,0,0.0,0.0,0.0,0.0,0.0,0.0,0.0,0.0,0.0,VM000,,1970-01-16 23:01:13.216
1017,0,0.0,0.0,0.0,0.0,0.0,0.0,0.0,0.0,0.0,VM000,,1970-01-16 23:01:13.216
1018,0,0.0,0.0,0.0,0.0,0.0,0.0,0.0,0.0,0.0,VM000,,1970-01-16 23:01:13.472
1019,0,0.0,0.0,0.0,0.0,0.0,0.0,0.0,0.0,0.0,VM000,,1970-01-16 23:01:13.472
1020,0,0.0,0.0,0.0,0.0,0.0,0.0,0.0,0.0,0.0,VM000,,1970-01-16 23:01:13.728
1021,0,0.0,0.0,0.0,0.0,0.0,0.0,0.0,0.0,0.0,VM000,,1970-01-16 23:01:13.856
1022,0,0.0,0.0,0.0,0.0,0.0,0.0,0.0,0.0,0.0,VM000,,1970-01-16 23:01:14.112
1023,0,0.0,0.0,0.0,0.0,0.0,0.0,0.0,0.0,0.0,VM000,,1970-01-16 23:01:14.112
1024,0,0.0,0.0,0.0,0.0,0.0,0.0,0.0,0.0,0.0,VM000,,1970-01-16 23:01:14.368
1025,0,0.0,0.0,0.0,0.0,0.0,0.0,0.0,0.0,0.0,VM000,,1970-01-16 23:01:14.368
1026,0,0.0,0.0,0.0,0.0,0.0,0.0,0.0,0.0,0.0,VM000,,1970-01-16 23:01:14.624
1027,0,0.0,0.0,0.0,0.0,0.0,0.0,0.0,0.0,0.0,VM000,,1970-01-16 23:01:14.752
1028,0,0.0,0.0,0.0,0.0,0.0,0.0,0.0,0.0,0.0,VM000,,1970-01-16 23:01:15.008
1029,0,0.0,0.0,0.0,0.0,0.0,0.0,0.0,0.0,0.0,VM000,,1970-01-16 23:01:15.008
1030,0,0.0,0.0,0.0,0.0,0.0,0.0,0.0,0.0,0.0,VM000,,1970-01-16 23:01:15.264
1031,0,0.0,0.0,0.0,0.0,0.0,0.0,0.0,0.0,0.0,VM000,,1970-01-16 23:01:15.264
1032,0,0.0,0.0,0.0,0.0,0.0,0.0,0.0,0.0,0.0,VM000,,1970-01-16 23:01:15.520
1033,0,0.0,0.0,0.0,0.0,0.0,0.0,0.0,0.0,0.0,VM000,,1970-01-16 23:01:15.648
1034,0,0.0,0.0,0.0,0.0,0.0,0.0,0.0,0.0,0.0,VM000,,1970-01-16 23:01:15.904
1035,0,0.0,0.0,0.0,0.0,0.0,0.0,0.0,0.0,0.0,VM000,,1970-01-16 23:01:15.904
1036,0,0.0,0.0,0.0,0.0,0.0,0.0,0.0,0.0,0.0,VM000,,1970-01-16 23:01:16.160
1037,0,0.0,0.0,0.0,0.0,0.0,0.0,0.0,0.0,0.0,VM000,,1970-01-16 23:01:16.160
1038,0,0.0,0.0,0.0,0.0,0.0,0.0,0.0,0.0,0.0,VM000,,1970-01-16 23:01:16.544
1039,0,0.0,0.0,0.0,0.0,0.0,0.0,0.0,0.0,0.0,VM000,,1970-01-16 23:01:16.544
1040,0,0.0,0.0,0.0,0.0,0.0,0.0,0.0,0.0,0.0,VM000,,1970-01-16 23:01:16.800
1041,0,0.0,0.0,0.0,0.0,0.0,0.0,0.0,0.0,0.0,VM000,,1970-01-16 23:01:16.800
1042,0,0.0,0.0,0.0,0.0,0.0,0.0,0.0,0.0,0.0,VM000,,1970-01-16 23:01:17.056
1043,0,0.0,0.0,0.0,0.0,0.0,0.0,0.0,0.0,0.0,VM000,,1970-01-16 23:01:17.056
1044,0,0.0,0.0,0.0,0.0,0.0,0.0,0.0,0.0,0.0,VM000,,1970-01-16 23:01:17.440
1045,0,0.0,0.0,0.0,0.0,0.0,0.0,0.0,0.0,0.0,VM000,,1970-01-16 23:01:17.440
1046,0,0.0,0.0,0.0,0.0,0.0,0.0,0.0,0.0,0.0,VM000,,1970-01-16 23:01:17.696
1047,0,0.0,0.0,0.0,0.0,0.0,0.0,0.0,0.0,0.0,VM000,,1970-01-16 23:01:17.696
1048,0,0.0,0.0,0.0,0.0,0.0,0.0,0.0,0.0,0.0,VM000,,1970-01-16 23:01:17.952
1049,0,0.0,0.0,0.0,0.0,0.0,0.0,0.0,0.0,0.0,VM000,,1970-01-16 23:01:17.952
1050,0,0.0,0.0,0.0,0.0,0.0,0.0,0.0,0.0,0.0,VM000,,1970-01-16 23:01:18.336
1051,0,0.0,0.0,0.0,0.0,0.0,0.0,0.0,0.0,0.0,VM000,,1970-01-16 23:01:18.336
1052,0,0.0,0.0,0.0,0.0,0.0,0.0,0.0,0.0,0.0,VM000,,1970-01-16 23:01:18.592
1053,0,0.0,0.0,0.0,0.0,0.0,0.0,0.0,0.0,0.0,VM000,,1970-01-16 23:01:18.592
1054,0,0.0,0.0,0.0,0.0,0.0,0.0,0.0,0.0,0.0,VM000,,1970-01-16 23:01:18.848
1055,0,0.0,0.0,0.0,0.0,0.0,0.0,0.0,0.0,0.0,VM000,,1970-01-16 23:01:18.848
1056,0,0.0,0.0,0.0,0.0,0.0,0.0,0.0,0.0,0.0,VM000,,1970-01-16 23:01:19.232
1057,0,0.0,0.0,0.0,0.0,0.0,0.0,0.0,0.0,0.0,VM000,,1970-01-16 23:01:19.232
1058,0,0.0,0.0,0.0,0.0,0.0,0.0,0.0,0.0,0.0,VM000,,1970-01-16 23:01:19.488
1059,0,0.0,0.0,0.0,0.0,0.0,0.0,0.0,0.0,0.0,VM000,,1970-01-16 23:01:19.488
1060,0,0.0,0.0,0.0,0.0,0.0,0.0,0.0,0.0,0.0,VM000,,1970-01-16 23:01:19.744
1061,0,0.0,0.0,0.0,0.0,0.0,0.0,0.0,0.0,0.0,VM000,,1970-01-16 23:01:19.744
1062,0,0.0,0.0,0.0,0.0,0.0,0.0,0.0,0.0,0.0,VM000,,1970-01-16 23:01:20.128
1063,0,0.0,0.0,0.0,0.0,0.0,0.0,0.0,0.0,0.0,VM000,,1970-01-16 23:01:20.128
1064,0,0.0,0.0,0.0,0.0,0.0,0.0,0.0,0.0,0.0,VM000,,1970-01-16 23:01:20.384
1065,0,0.0,0.0,0.0,0.0,0.0,0.0,0.0,0.0,0.0,VM000,,1970-01-16 23:01:20.384
1066,0,0.0,0.0,0.0,0.0,0.0,0.0,0.0,0.0,0.0,VM000,,1970-01-16 23:01:20.640
1067,0,0.0,0.0,0.0,0.0,0.0,0.0,0.0,0.0,0.0,VM000,,1970-01-16 23:01:20.640
1068,0,0.0,0.0,0.0,0.0,0.0,0.0,0.0,0.0,0.0,VM000,,1970-01-16 23:01:21.024
1069,0,0.0,0.0,0.0,0.0,0.0,0.0,0.0,0.0,0.0,VM000,,1970-01-16 23:01:21.024
1070,0,0.0,0.0,0.0,0.0,0.0,0.0,0.0,0.0,0.0,VM000,,1970-01-16 23:01:21.280
1071,0,0.0,0.0,0.0,0.0,0.0,0.0,0.0,0.0,0.0,VM000,,1970-01-16 23:01:21.280
1072,0,0.0,0.0,0.0,0.0,0.0,0.0,0.0,0.0,0.0,VM000,,1970-01-16 23:01:21.536
1073,0,0.0,0.0,0.0,0.0,0.0,0.0,0.0,0.0,0.0,VM000,,1970-01-16 23:01:21.536
1074,0,0.0,0.0,0.0,0.0,0.0,0.0,0.0,0.0,0.0,VM000,,1970-01-16 23:01:21.920
1075,0,0.0,0.0,0.0,0.0,0.0,0.0,0.0,0.0,0.0,VM000,,1970-01-16 23:01:21.920
1076,0,0.0,0.0,0.0,0.0,0.0,0.0,0.0,0.0,0.0,VM000,,1970-01-16 23:01:22.176
1077,0,0.0,0.0,0.0,0.0,0.0,0.0,0.0,0.0,0.0,VM000,,1970-01-16 23:01:22.176
1078,0,0.0,0.0,0.0,0.0,0.0,0.0,0.0,0.0,0.0,VM000,,1970-01-16 23:01:22.432
1079,0,0.0,0.0,0.0,0.0,0.0,0.0,0.0,0.0,0.0,VM000,,1970-01-16 23:01:22.560
1080,0,0.0,0.0,0.0,0.0,0.0,0.0,0.0,0.0,0.0,VM000,,1970-01-16 23:01:22.816
1081,0,0.0,0.0,0.0,0.0,0.0,0.0,0.0,0.0,0.0,VM000,,1970-01-16 23:01:22.816
1082,0,0.0,0.0,0.0,0.0,0.0,0.0,0.0,0.0,0.0,VM000,,1970-01-16 23:01:23.072
1083,0,0.0,0.0,0.0,0.0,0.0,0.0,0.0,0.0,0.0,VM000,,1970-01-16 23:01:23.072
1084,0,0.0,0.0,0.0,0.0,0.0,0.0,0.0,0.0,0.0,VM000,,1970-01-16 23:01:23.328
1085,0,0.0,0.0,0.0,0.0,0.0,0.0,0.0,0.0,0.0,VM000,,1970-01-16 23:01:23.456
1086,0,0.0,0.0,0.0,0.0,0.0,0.0,0.0,0.0,0.0,VM000,,1970-01-16 23:01:23.712
1087,0,0.0,0.0,0.0,0.0,0.0,0.0,0.0,0.0,0.0,VM000,,1970-01-16 23:01:23.712
1088,0,0.0,0.0,0.0,0.0,0.0,0.0,0.0,0.0,0.0,VM000,,1970-01-16 23:01:23.968
1089,0,0.0,0.0,0.0,0.0,0.0,0.0,0.0,0.0,0.0,VM000,,1970-01-16 23:01:23.968
1090,0,0.0,0.0,0.0,0.0,0.0,0.0,0.0,0.0,0.0,VM000,,1970-01-16 23:01:24.224
1091,0,0.0,0.0,0.0,0.0,0.0,0.0,0.0,0.0,0.0,VM000,,1970-01-16 23:01:24.352
1092,0,0.0,0.0,0.0,0.0,0.0,0.0,0.0,0.0,0.0,VM000,,1970-01-16 23:01:24.608
1093,0,0.0,0.0,0.0,0.0,0.0,0.0,0.0,0.0,0.0,VM000,,1970-01-16 23:01:24.608
1094,0,0.0,0.0,0.0,0.0,0.0,0.0,0.0,0.0,0.0,VM000,,1970-01-16 23:01:24.864
1095,0,0.0,0.0,0.0,0.0,0.0,0.0,0.0,0.0,0.0,VM000,,1970-01-16 23:01:24.864
1096,0,0.0,0.0,0.0,0.0,0.0,0.0,0.0,0.0,0.0,VM000,,1970-01-16 23:01:25.120
1097,0,0.0,0.0,0.0,0.0,0.0,0.0,0.0,0.0,0.0,VM000,,1970-01-16 23:01:25.248
1098,0,0.0,0.0,0.0,0.0,0.0,0.0,0.0,0.0,0.0,VM000,,1970-01-16 23:01:25.504
1099,0,0.0,0.0,0.0,0.0,0.0,0.0,0.0,0.0,0.0,VM000,,1970-01-16 23:01:25.504
1100,0,0.0,0.0,0.0,0.0,0.0,0.0,0.0,0.0,0.0,VM000,,1970-01-16 23:01:25.760
1101,0,0.0,0.0,0.0,0.0,0.0,0.0,0.0,0.0,0.0,VM000,,1970-01-16 23:01:25.760
1102,0,0.0,0.0,0.0,0.0,0.0,0.0,0.0,0.0,0.0,VM000,,1970-01-16 23:01:26.144
1103,0,0.0,0.0,0.0,0.0,0.0,0.0,0.0,0.0,0.0,VM000,,1970-01-16 23:01:26.144
1104,0,0.0,0.0,0.0,0.0,0.0,0.0,0.0,0.0,0.0,VM000,,1970-01-16 23:01:26.400
1105,0,0.0,0.0,0.0,0.0,0.0,0.0,0.0,0.0,0.0,VM000,,1970-01-16 23:01:26.400
1106,0,0.0,0.0,0.0,0.0,0.0,0.0,0.0,0.0,0.0,VM000,,1970-01-16 23:01:26.656
1107,0,0.0,0.0,0.0,0.0,0.0,0.0,0.0,0.0,0.0,VM000,,1970-01-16 23:01:26.656
1108,0,0.0,0.0,0.0,0.0,0.0,0.0,0.0,0.0,0.0,VM000,,1970-01-16 23:01:27.040
1109,0,0.0,0.0,0.0,0.0,0.0,0.0,0.0,0.0,0.0,VM000,,1970-01-16 23:01:27.040
1110,0,0.0,0.0,0.0,0.0,0.0,0.0,0.0,0.0,0.0,VM000,,1970-01-16 23:01:27.296
1111,0,0.0,0.0,0.0,0.0,0.0,0.0,0.0,0.0,0.0,VM000,,1970-01-16 23:01:27.296
1112,0,0.0,0.0,0.0,0.0,0.0,0.0,0.0,0.0,0.0,VM000,,1970-01-16 23:01:27.552
1113,0,0.0,0.0,0.0,0.0,0.0,0.0,0.0,0.0,0.0,VM000,,1970-01-16 23:01:27.552
1114,0,0.0,0.0,0.0,0.0,0.0,0.0,0.0,0.0,0.0,VM000,,1970-01-16 23:01:27.936
1115,0,0.0,0.0,0.0,0.0,0.0,0.0,0.0,0.0,0.0,VM000,,1970-01-16 23:01:27.936
1116,0,0.0,0.0,0.0,0.0,0.0,0.0,0.0,0.0,0.0,VM000,,1970-01-16 23:01:28.192
1117,0,0.0,0.0,0.0,0.0,0.0,0.0,0.0,0.0,0.0,VM000,,1970-01-16 23:01:28.192
1118,0,0.0,0.0,0.0,0.0,0.0,0.0,0.0,0.0,0.0,VM000,,1970-01-16 23:01:28.448
1119,0,0.0,0.0,0.0,0.0,0.0,0.0,0.0,0.0,0.0,VM000,,1970-01-16 23:01:28.448
1120,0,0.0,0.0,0.0,0.0,0.0,0.0,0.0,0.0,0.0,VM000,,1970-01-16 23:01:28.832
1121,0,0.0,0.0,0.0,0.0,0.0,0.0,0.0,0.0,0.0,VM000,,1970-01-16 23:01:28.832
1122,0,0.0,0.0,0.0,0.0,0.0,0.0,0.0,0.0,0.0,VM000,,1970-01-16 23:01:29.088
1123,0,0.0,0.0,0.0,0.0,0.0,0.0,0.0,0.0,0.0,VM000,,1970-01-16 23:01:29.088
1124,0,0.0,0.0,0.0,0.0,0.0,0.0,0.0,0.0,0.0,VM000,,1970-01-16 23:01:29.344
1125,0,0.0,0.0,0.0,0.0,0.0,0.0,0.0,0.0,0.0,VM000,,1970-01-16 23:01:29.344
1126,0,0.0,0.0,0.0,0.0,0.0,0.0,0.0,0.0,0.0,VM000,,1970-01-16 23:01:29.728
1127,0,0.0,0.0,0.0,0.0,0.0,0.0,0.0,0.0,0.0,VM000,,1970-01-16 23:01:29.728
1128,0,0.0,0.0,0.0,0.0,0.0,0.0,0.0,0.0,0.0,VM000,,1970-01-16 23:01:29.984
1129,0,0.0,0.0,0.0,0.0,0.0,0.0,0.0,0.0,0.0,VM000,,1970-01-16 23:01:29.984
1130,0,0.0,0.0,0.0,0.0,0.0,0.0,0.0,0.0,0.0,VM000,,1970-01-16 23:01:30.240
1131,0,0.0,0.0,0.0,0.0,0.0,0.0,0.0,0.0,0.0,VM000,,1970-01-16 23:01:30.240
1132,0,0.0,0.0,0.0,0.0,0.0,0.0,0.0,0.0,0.0,VM000,,1970-01-16 23:01:30.624
1133,0,0.0,0.0,0.0,0.0,0.0,0.0,0.0,0.0,0.0,VM000,,1970-01-16 23:01:30.624
1134,0,0.0,0.0,0.0,0.0,0.0,0.0,0.0,0.0,0.0,VM000,,1970-01-16 23:01:30.880
1135,0,0.0,0.0,0.0,0.0,0.0,0.0,0.0,0.0,0.0,VM000,,1970-01-16 23:01:30.880
1136,0,0.0,0.0,0.0,0.0,0.0,0.0,0.0,0.0,0.0,VM000,,1970-01-16 23:01:31.136
1137,0,0.0,0.0,0.0,0.0,0.0,0.0,0.0,0.0,0.0,VM000,,1970-01-16 23:01:31.136
1138,0,0.0,0.0,0.0,0.0,0.0,0.0,0.0,0.0,0.0,VM000,,1970-01-16 23:01:31.520
1139,0,0.0,0.0,0.0,0.0,0.0,0.0,0.0,0.0,0.0,VM000,,1970-01-16 23:01:31.520
1140,0,0.0,0.0,0.0,0.0,0.0,0.0,0.0,0.0,0.0,VM000,,1970-01-16 23:01:31.776
1141,0,0.0,0.0,0.0,0.0,0.0,0.0,0.0,0.0,0.0,VM000,,1970-01-16 23:01:31.776
1142,0,0.0,0.0,0.0,0.0,0.0,0.0,0.0,0.0,0.0,VM000,,1970-01-16 23:01:32.032
1143,0,0.0,0.0,0.0,0.0,0.0,0.0,0.0,0.0,0.0,VM000,,1970-01-16 23:01:32.160
1144,0,0.0,0.0,0.0,0.0,0.0,0.0,0.0,0.0,0.0,VM000,,1970-01-16 23:01:32.416
1145,0,0.0,0.0,0.0,0.0,0.0,0.0,0.0,0.0,0.0,VM000,,1970-01-16 23:01:32.416
1146,0,0.0,0.0,0.0,0.0,0.0,0.0,0.0,0.0,0.0,VM000,,1970-01-16 23:01:32.672
1147,0,0.0,0.0,0.0,0.0,0.0,0.0,0.0,0.0,0.0,VM000,,1970-01-16 23:01:32.672
1148,0,0.0,0.0,0.0,0.0,0.0,0.0,0.0,0.0,0.0,VM000,,1970-01-16 23:01:32.928
1149,0,0.0,0.0,0.0,0.0,0.0,0.0,0.0,0.0,0.0,VM000,,1970-01-16 23:01:33.056
1150,0,0.0,0.0,0.0,0.0,0.0,0.0,0.0,0.0,0.0,VM000,,1970-01-16 23:01:33.312
1151,0,0.0,0.0,0.0,0.0,0.0,0.0,0.0,0.0,0.0,VM000,,1970-01-16 23:01:33.312
1152,0,0.0,0.0,0.0,0.0,0.0,0.0,0.0,0.0,0.0,VM000,,1970-01-16 23:01:33.568
1153,0,0.0,0.0,0.0,0.0,0.0,0.0,0.0,0.0,0.0,VM000,,1970-01-16 23:01:33.568
1154,0,0.0,0.0,0.0,0.0,0.0,0.0,0.0,0.0,0.0,VM000,,1970-01-16 23:01:33.824
1155,0,0.0,0.0,0.0,0.0,0.0,0.0,0.0,0.0,0.0,VM000,,1970-01-16 23:01:33.952
1156,0,0.0,0.0,0.0,0.0,0.0,0.0,0.0,0.0,0.0,VM000,,1970-01-16 23:01:34.208
1157,0,0.0,0.0,0.0,0.0,0.0,0.0,0.0,0.0,0.0,VM000,,1970-01-16 23:01:34.208
1158,0,0.0,0.0,0.0,0.0,0.0,0.0,0.0,0.0,0.0,VM000,,1970-01-16 23:01:34.464
1159,0,0.0,0.0,0.0,0.0,0.0,0.0,0.0,0.0,0.0,VM000,,1970-01-16 23:01:34.464
1160,0,0.0,0.0,0.0,0.0,0.0,0.0,0.0,0.0,0.0,VM000,,1970-01-16 23:01:34.720
1161,0,0.0,0.0,0.0,0.0,0.0,0.0,0.0,0.0,0.0,VM000,,1970-01-16 23:01:34.848
1162,0,0.0,0.0,0.0,0.0,0.0,0.0,0.0,0.0,0.0,VM000,,1970-01-16 23:01:35.104
1163,0,0.0,0.0,0.0,0.0,0.0,0.0,0.0,0.0,0.0,VM000,,1970-01-16 23:01:35.104
1164,0,0.0,0.0,0.0,0.0,0.0,0.0,0.0,0.0,0.0,VM000,,1970-01-16 23:01:35.360
1165,0,0.0,0.0,0.0,0.0,0.0,0.0,0.0,0.0,0.0,VM000,,1970-01-16 23:01:35.360
1166,0,0.0,0.0,0.0,0.0,0.0,0.0,0.0,0.0,0.0,VM000,,1970-01-16 23:01:35.744
1167,0,0.0,0.0,0.0,0.0,0.0,0.0,0.0,0.0,0.0,VM000,,1970-01-16 23:01:35.744
1168,0,0.0,0.0,0.0,0.0,0.0,0.0,0.0,0.0,0.0,VM000,,1970-01-16 23:01:36.000
1169,0,0.0,0.0,0.0,0.0,0.0,0.0,0.0,0.0,0.0,VM000,,1970-01-16 23:01:36.000
1170,0,0.0,0.0,0.0,0.0,0.0,0.0,0.0,0.0,0.0,VM000,,1970-01-16 23:01:36.256
1171,0,0.0,0.0,0.0,0.0,0.0,0.0,0.0,0.0,0.0,VM000,,1970-01-16 23:01:36.256
1172,0,0.0,0.0,0.0,0.0,0.0,0.0,0.0,0.0,0.0,VM000,,1970-01-16 23:01:36.640
1173,0,0.0,0.0,0.0,0.0,0.0,0.0,0.0,0.0,0.0,VM000,,1970-01-16 23:01:36.640
1174,0,0.0,0.0,0.0,0.0,0.0,0.0,0.0,0.0,0.0,VM000,,1970-01-16 23:01:36.896
1175,0,0.0,0.0,0.0,0.0,0.0,0.0,0.0,0.0,0.0,VM000,,1970-01-16 23:01:36.896
1176,0,0.0,0.0,0.0,0.0,0.0,0.0,0.0,0.0,0.0,VM000,,1970-01-16 23:01:37.152
1177,0,0.0,0.0,0.0,0.0,0.0,0.0,0.0,0.0,0.0,VM000,,1970-01-16 23:01:37.152
1178,0,0.0,0.0,0.0,0.0,0.0,0.0,0.0,0.0,0.0,VM000,,1970-01-16 23:01:37.536
1179,0,0.0,0.0,0.0,0.0,0.0,0.0,0.0,0.0,0.0,VM000,,1970-01-16 23:01:37.536
1180,0,0.0,0.0,0.0,0.0,0.0,0.0,0.0,0.0,0.0,VM000,,1970-01-16 23:01:37.792
1181,0,0.0,0.0,0.0,0.0,0.0,0.0,0.0,0.0,0.0,VM000,,1970-01-16 23:01:37.792
1182,0,0.0,0.0,0.0,0.0,0.0,0.0,0.0,0.0,0.0,VM000,,1970-01-16 23:01:38.048
1183,0,0.0,0.0,0.0,0.0,0.0,0.0,0.0,0.0,0.0,VM000,,1970-01-16 23:01:38.048
1184,0,0.0,0.0,0.0,0.0,0.0,0.0,0.0,0.0,0.0,VM000,,1970-01-16 23:01:38.432
1185,0,0.0,0.0,0.0,0.0,0.0,0.0,0.0,0.0,0.0,VM000,,1970-01-16 23:01:38.432
1186,0,0.0,0.0,0.0,0.0,0.0,0.0,0.0,0.0,0.0,VM000,,1970-01-16 23:01:38.688
1187,0,0.0,0.0,0.0,0.0,0.0,0.0,0.0,0.0,0.0,VM000,,1970-01-16 23:01:38.688
1188,0,0.0,0.0,0.0,0.0,0.0,0.0,0.0,0.0,0.0,VM000,,1970-01-16 23:01:38.944
1189,0,0.0,0.0,0.0,0.0,0.0,0.0,0.0,0.0,0.0,VM000,,1970-01-16 23:01:38.944
1190,0,0.0,0.0,0.0,0.0,0.0,0.0,0.0,0.0,0.0,VM000,,1970-01-16 23:01:39.328
1191,0,0.0,0.0,0.0,0.0,0.0,0.0,0.0,0.0,0.0,VM000,,1970-01-16 23:01:39.328
1192,0,0.0,0.0,0.0,0.0,0.0,0.0,0.0,0.0,0.0,VM000,,1970-01-16 23:01:39.584
1193,0,0.0,0.0,0.0,0.0,0.0,0.0,0.0,0.0,0.0,VM000,,1970-01-16 23:01:39.584
1194,0,0.0,0.0,0.0,0.0,0.0,0.0,0.0,0.0,0.0,VM000,,1970-01-16 23:01:39.840
1195,0,0.0,0.0,0.0,0.0,0.0,0.0,0.0,0.0,0.0,VM000,,1970-01-16 23:01:39.840
1196,0,0.0,0.0,0.0,0.0,0.0,0.0,0.0,0.0,0.0,VM000,,1970-01-16 23:01:40.224
1197,0,0.0,0.0,0.0,0.0,0.0,0.0,0.0,0.0,0.0,VM000,,1970-01-16 23:01:40.224
1198,0,0.0,0.0,0.0,0.0,0.0,0.0,0.0,0.0,0.0,VM000,,1970-01-16 23:01:40.480
1199,0,0.0,0.0,0.0,0.0,0.0,0.0,0.0,0.0,0.0,VM000,,1970-01-16 23:01:40.480
1200,0,0.0,0.0,0.0,0.0,0.0,0.0,0.0,0.0,0.0,VM000,,1970-01-16 23:01:40.736
1201,0,0.0,0.0,0.0,0.0,0.0,0.0,0.0,0.0,0.0,VM000,,1970-01-16 23:01:40.736
1202,0,0.0,0.0,0.0,0.0,0.0,0.0,0.0,0.0,0.0,VM000,,1970-01-16 23:01:41.120
1203,0,0.0,0.0,0.0,0.0,0.0,0.0,0.0,0.0,0.0,VM000,,1970-01-16 23:01:41.120
1204,0,0.0,0.0,0.0,0.0,0.0,0.0,0.0,0.0,0.0,VM000,,1970-01-16 23:01:41.376
1205,0,0.0,0.0,0.0,0.0,0.0,0.0,0.0,0.0,0.0,VM000,,1970-01-16 23:01:41.376
1206,0,0.0,0.0,0.0,0.0,0.0,0.0,0.0,0.0,0.0,VM000,,1970-01-16 23:01:41.632
1207,0,0.0,0.0,0.0,0.0,0.0,0.0,0.0,0.0,0.0,VM000,,1970-01-16 23:01:41.760
1208,0,0.0,0.0,0.0,0.0,0.0,0.0,0.0,0.0,0.0,VM000,,1970-01-16 23:01:42.016
1209,0,0.0,0.0,0.0,0.0,0.0,0.0,0.0,0.0,0.0,VM000,,1970-01-16 23:01:42.016
1210,0,0.0,0.0,0.0,0.0,0.0,0.0,0.0,0.0,0.0,VM000,,1970-01-16 23:01:42.272
1211,0,0.0,0.0,0.0,0.0,0.0,0.0,0.0,0.0,0.0,VM000,,1970-01-16 23:01:42.272
1212,0,0.0,0.0,0.0,0.0,0.0,0.0,0.0,0.0,0.0,VM000,,1970-01-16 23:01:42.528
1213,0,0.0,0.0,0.0,0.0,0.0,0.0,0.0,0.0,0.0,VM000,,1970-01-16 23:01:42.656
1214,0,0.0,0.0,0.0,0.0,0.0,0.0,0.0,0.0,0.0,VM000,,1970-01-16 23:01:42.912
1215,0,0.0,0.0,0.0,0.0,0.0,0.0,0.0,0.0,0.0,VM000,,1970-01-16 23:01:42.912
1216,0,0.0,0.0,0.0,0.0,0.0,0.0,0.0,0.0,0.0,VM000,,1970-01-16 23:01:43.168
1217,0,0.0,0.0,0.0,0.0,0.0,0.0,0.0,0.0,0.0,VM000,,1970-01-16 23:01:43.168
1218,0,0.0,0.0,0.0,0.0,0.0,0.0,0.0,0.0,0.0,VM000,,1970-01-16 23:01:43.424
1219,0,0.0,0.0,0.0,0.0,0.0,0.0,0.0,0.0,0.0,VM000,,1970-01-16 23:01:43.552
1220,0,0.0,0.0,0.0,0.0,0.0,0.0,0.0,0.0,0.0,VM000,,1970-01-16 23:01:43.808
1221,0,0.0,0.0,0.0,0.0,0.0,0.0,0.0,0.0,0.0,VM000,,1970-01-16 23:01:43.808
1222,0,0.0,0.0,0.0,0.0,0.0,0.0,0.0,0.0,0.0,VM000,,1970-01-16 23:01:44.064
1223,0,0.0,0.0,0.0,0.0,0.0,0.0,0.0,0.0,0.0,VM000,,1970-01-16 23:01:44.064
1224,0,0.0,0.0,0.0,0.0,0.0,0.0,0.0,0.0,0.0,VM000,,1970-01-16 23:01:44.320
1225,0,0.0,0.0,0.0,0.0,0.0,0.0,0.0,0.0,0.0,VM000,,1970-01-16 23:01:44.448
1226,0,0.0,0.0,0.0,0.0,0.0,0.0,0.0,0.0,0.0,VM000,,1970-01-16 23:01:44.704
1227,0,0.0,0.0,0.0,0.0,0.0,0.0,0.0,0.0,0.0,VM000,,1970-01-16 23:01:44.704
1228,0,0.0,0.0,0.0,0.0,0.0,0.0,0.0,0.0,0.0,VM000,,1970-01-16 23:01:44.960
1229,0,0.0,0.0,0.0,0.0,0.0,0.0,0.0,0.0,0.0,VM000,,1970-01-16 23:01:44.960
1230,0,0.0,0.0,0.0,0.0,0.0,0.0,0.0,0.0,0.0,VM000,,1970-01-16 23:01:45.344
1231,0,0.0,0.0,0.0,0.0,0.0,0.0,0.0,0.0,0.0,VM000,,1970-01-16 23:01:45.344
1232,0,0.0,0.0,0.0,0.0,0.0,0.0,0.0,0.0,0.0,VM000,,1970-01-16 23:01:45.600
1233,0,0.0,0.0,0.0,0.0,0.0,0.0,0.0,0.0,0.0,VM000,,1970-01-16 23:01:45.600
1234,0,0.0,0.0,0.0,0.0,0.0,0.0,0.0,0.0,0.0,VM000,,1970-01-16 23:01:45.856
1235,0,0.0,0.0,0.0,0.0,0.0,0.0,0.0,0.0,0.0,VM000,,1970-01-16 23:01:45.856
1236,0,0.0,0.0,0.0,0.0,0.0,0.0,0.0,0.0,0.0,VM000,,1970-01-16 23:01:46.240
1237,0,0.0,0.0,0.0,0.0,0.0,0.0,0.0,0.0,0.0,VM000,,1970-01-16 23:01:46.240
1238,0,0.0,0.0,0.0,0.0,0.0,0.0,0.0,0.0,0.0,VM000,,1970-01-16 23:01:46.496
1239,0,0.0,0.0,0.0,0.0,0.0,0.0,0.0,0.0,0.0,VM000,,1970-01-16 23:01:46.496
1240,0,0.0,0.0,0.0,0.0,0.0,0.0,0.0,0.0,0.0,VM000,,1970-01-16 23:01:46.752
1241,0,0.0,0.0,0.0,0.0,0.0,0.0,0.0,0.0,0.0,VM000,,1970-01-16 23:01:46.752
